;;;;;;;;;;
;LISTADO DE ARTICULOS RESMAP;;;;;; ;;;
;;;;;;;;;;
IT;UBICACIÓN;STOCK;DETALLE;CODIGO;UNIDAD; VALOR C/IVA ;CATEGORIA; NETO ;;
1;4;;CINTA  AISLANTE 3M 10MT;;UN; $1.700 ;CINTA ; $1.429 ;;
2;10;;FOCO CHICO LED HEAVY DUTY 3000LM;;UN; $80.000 ;FOCO; $67.227 ; ;
3;100;;FUSIBLE PALETA 10 AMP;;UN; $120 ;FUSIBLE; $101 ; ;  
4;101;;FUSIBLE PALETA 15 AMP;;UN; $120 ;FUSIBLE; $101 ; ;
5;102;;FUSIBLE PALETA 20 AMP;;UN; $120 ;FUSIBLE; $101 ; ;
6;103;;FUSIBLE PALETA 25 AMP;;UN; $120 ;FUSIBLE; $101 ;;
7;104;;FUSIBLE PALETA 30 AMP;;UN; $120 ;FUSIBLE; $101 ;;
8;105;;FUSIBLE PALETA 40 AMP;;UN; $120 ;FUSIBLE; $101 ;;
9;106;;FUSIBLE MINI 2 AMP;;UN; $300 ;FUSIBLE; $252 ;;
10;107;;FUSIBLE MINI 3 AMP;;UN; $120 ;FUSIBLE; $101 ;;
11;108;;FUSIBLE MINI 4 AMP;;UN; $180 ;FUSIBLE; $151 ;;
12;109;;FUSIBLE MINI 5 AMP;;UN; $120 ;FUSIBLE; $101 ;;
13;11;;FOCO 44LED CUADRADO CTA JG-953B;;UN; $21.000 ;FOCO; $17.647 ;;
14;110;;FUSIBLE MINI 7.5 AMP;;UN; $120 ;FUSIBLE; $101 ;;
15;111;;FUSIBLE MINI 10 AMP;;UN; $120 ;FUSIBLE; $101 ;;
16;112;;FUSIBLE MINI 15 AMP;;UN; $120 ;FUSIBLE; $101 ;;
17;113;;FUSIBLE MINI 20 AMP;;UN; $120 ;FUSIBLE; $101 ;;
18;114;;FUSIBLE MINI 25 AMP;;UN; $120 ;FUSIBLE; $101 ;; 
19;115;;FUSIBLE MINI 30 AMP;;UN; $120 ;FUSIBLE; $101 ;;
20;116;;FUSIBLE MAXI 30 AMP;;UN; $1.200 ;FUSIBLE; $1.008 ;;
21;117;;FUSIBLE MAXI 40 AMP;;UN; $1.200 ;FUSIBLE; $1.008 ;;
22;118;;JUEGO BROCAS METAL 25 PCS. 1mm a 13mm;;UN; $32.000 ;HERRAMIENTAS ; $26.891 ;;
23;119;;FUSIBLE MAXI 50 AMP;;UN; $1.500 ;FUSIBLE; $1.261 ;;
24;12;;"FOCO BARRA LED  7"" X 3 X 2,5 ";JG-9632T;UN; $22.000 ;FOCO; $18.487 ;;
25;120;;FUSIBLE MAXI 60 AMP;;UN; $1.200 ;FUSIBLE; $1.008 ;;
26;121;;FUSIBLE APERNADO 50 AMP;;UN; $2.650 ;FUSIBLE; $2.227 ;;
27;122;;FUSIBLE APERNADP 60 AMP;;UN; $3.200 ;FUSIBLE; $2.689 ;;
28;123;;FUSIBLE APERNADO 70 AMP;;UN; $3.000 ;FUSIBLE; $2.521 ;;
29;124;;FUSIBLE APERNADO 80 AMP;;UN; $2.650 ;FUSIBLE; $2.227 ; ;
30;125;20;FUSIBLE APERNADO 100 AMP;23-100;UN; $3.000 ;FUSIBLE; $2.521 ;;
31;126;20;FUSIBLE APERNADO 125 AMP;23-125;UN; $3.000 ;FUSIBLE; $2.521 ;;
32;127;10;FUSIBLE APERNADO 150 AMP;23-150;UN; $3.000 ;FUSIBLE; $2.521 ;;
33;128;;FUSIBLE  AMI/MDI   50AMP  ROJO;23-50;UN; $2.250 ;FUSIBLE; $1.891 ;;
34;129;;FUSIBLE   AMI/MDI   60AMP  AMARILLO;23-60;UN; $2.250 ;FUSIBLE; $1.891 ; ;
35;13;30;FOCO 24LED CUADRADO CHICO   2400LM;MBW72;UN; $15.000 ;FOCO; $12.605 ; ;
;;30;FOCO 24LED CUADRADO CHICO   2400LM KIT ;MBW72;; $25.000 ;FOCO; $21.008 ;;
;1A;4;FOCO CUADRADO 12LED 36W BIVOL CRIST/AMBAR ;36WBI1030;UN; $25.000 ;FOCO; $21.008 ;;
36;130;;FUSIBLE   AMI/MDI   100AMP  AZUL;23-100;UN; $2.250 ;FUSIBLE; $1.891 ;;
37;131;;FUSIBLE   AMI/MDI   125AMP   ROSADO;23-125;UN; $2.250 ;FUSIBLE; $1.891 ;;
38;132;;FUSIBLE TERMINCO PALETA  5AMP;46165;UN; $5.000 ;FUSIBLE; $4.202 ;;
39;133;;FUSIBLE TERMINCO PALETA  7,5AMP;46165;UN; $5.000 ;FUSIBLE; $4.202 ;;
40;134;;FUSIBLE TERMINCO PALETA  10AMP;46318;UN; $5.000 ;FUSIBLE; $4.202 ;;
41;135;;FUSIBLE TERMINCO PALETA  15AMP;23-15;UN; $6.500 ;FUSIBLE; $5.462 ;;
42;136;;FUSIBLE TERMINCO PALETA  20AMP;23-20;UN; $5.000 ;FUSIBLE; $4.202 ;;
43;137;;FUSIBLE TERMINCO PALETA  25AMP;23-25;UN; $5.000 ;FUSIBLE; $4.202 ;;
44;138;;FUSIBLE TERMINCO PALETA  30AMP;23-30;UN; $5.000 ;FUSIBLE; $4.202 ;;
45;139;10;FUSIBLE INTERREPTOR DE SOBRECARGA   10AMP;46318;UN; $5.000 ;FUSIBLE; $4.202 ; ;
46;14;25;FOCO FAENA CUADRADO 4 LED 1000L;MBF12;UN; $15.000 ;FOCO; $12.605 ; ;
47;140;10;FUSIBLE INTERREPTOR DE SOBRECARGA   15AMP;23-15;UN; $5.000 ;FUSIBLE; $4.202 ;;
48;141;10;FUSIBLE INTERREPTOR DE SOBRECARGA   20AMP;23-20;UN; $5.000 ;FUSIBLE; $4.202 ;;
49;142;;FUSIBLE MINI PERFIL BAJO  5AMP;46165;UN; $120 ;FUSIBLE; $101 ;;
50;143;;FUSIBLE MINI PERFIL BAJO  7.5AMP;46165;UN; $120 ;FUSIBLE; $101 ;;
51;144;;FUSIBLE MINI PERFIL BAJO  10AMP;46318;UN; $120 ;FUSIBLE; $101 ;;
52;145;;FUSIBLE MINI PERFIL BAJO  15AMP;23-15;UN; $120 ;FUSIBLE; $101 ;;
53;146;;FUSIBLE MINI PERFIL BAJO  20AMP;23-20;UN; $120 ;FUSIBLE; $101 ;;
54;147;;FUSIBLE MINI PERFIL BAJO  25AMP;23-25;UN; $120 ;FUSIBLE; $101 ;;
55;148;;FUSIBLE MINI PERFIL BAJO  30AMP;23-30;UN; $120 ;FUSIBLE; $101 ;;
56;149;;FUSIBLE VIDRIO   5AMP;46165;UN; $120 ;FUSIBLE; $101 ;;
57;15;7;FOCO  6LED PATENTE 12-24V CROMADO ;1514007;UN; $6.800 ;FOCO; $5.714 ;;
58;150;;FUSIBLE VIDRIO   10AMP;46318;UN; $120 ;FUSIBLE; $101 ;;
59;151;;FUSIBLE VIDRIO   15AMP;23-15;UN; $120 ;FUSIBLE; $101 ;;  
60;152;;FUSIBLE VIDRIO    20AMP;23-20;UN; $120 ;FUSIBLE; $101 ;;
61;153;;FUSIBLE TERMICO 24V  40AMP;23-40;UN; $2.300 ;FUSIBLE; $1.933 ;;
62;154;;FUSIBLE ABIERTO C/PERNO 100AMP;23-100;UN; $3.500 ;FUSIBLE; $2.941 ;;
63;155;;FUSIBLE ABIERTO C/PERNO 125AMP;23-125;UN; $3.500 ;FUSIBLE; $2.941 ;;
64;4;;PORTA FUSIBLE MAXI;23-FUSIBLE;UN; $7.000 ;PORTA FUSIBLE; $5.882 ;;
65;4;;PORTA FUSIBLE PALETA DESCUBIERTO  CHINO;23-DESCUBIERTO;UN; $1.200 ;PORTA FUSIBLE; $1.008 ;;
66;4;;PORTA FUSIBLE PALETA C/TAPA OVALADO;23-TAPA;UN; $1.250 ;PORTA FUSIBLE; $1.050 ;;
67;4;;PORTA FUSIBLE PALETA C/TAPA CUADRADO;23-TAPA;UN; $1.000 ;PORTA FUSIBLE; $840 ; ;
69;4;;PORTA FUSIBLE PALETA REFORZADO;23-PALETA;UN; $2.500 ;PORTA FUSIBLE; $2.101 ;;
70;4;;PORTA FUSIBLE VIDRIO;23-FUSIBLE;UN; $1.700 ;PORTA FUSIBLE; $1.429 ;;
71;4;;PORTA FUSIBLE MINI;23-FUSIBLE;UN; $1.500 ;PORTA FUSIBLE; $1.261 ;;
72;4;;PORTA FUSIBLE 2 TORNILLOS FLOSSER;46076;UN; $12.500 ;PORTA FUSIBLE; $10.504 ;;
73;4;;PORTA FUSIBLE 2 TORNILLOS;46076;UN; $15.000 ;PORTA FUSIBLE; $12.605 ;;
74;4;;PORTA FUSIBLE PALETA 4 SALIDAS 1023;23-1023;UN; $3.500 ;PORTA FUSIBLE; $2.941 ;;
75;4;;PORTA FUSIBLE PALETA 6 SALIDAS C/CABLES;46196;UN; $4.500 ;PORTA FUSIBLE; $3.782 ;;
76;4;;PORTA FUSIBLE PALETA 6 SALIDAS;46196;UN; $5.000 ;PORTA FUSIBLE; $4.202 ;;
77;4;;PORTA FUSIBLE CON BACE 6F;46196;UN; $20.000 ;PORTA FUSIBLE; $16.807 ;;
78;4;;PORTA FUSIBLE CON BACE 12F;46379;UN; $30.000 ;PORTA FUSIBLE; $25.210 ;;
79;17;;PISTOLA AIRE 1000CC;23-1000;UN; $12.500 ;ACCESORIO; $10.504 ;;
80;3;3;HERRAMIENTA EXTRACTOR PIN DTM AZUL;23-DTM;UN; $32.000 ;DEUTSCH; $26.891 ;;
81;3;2;HERRAMIENTA EXTRACTOR PIN DT ROJO;23-DT;UN; $32.000 ;DEUTSCH; $26.891 ;;
82;3;2;HERRAMIENTA EXTRACTOR PIN DT CELESTE;23-DT;UN; $33.000 ;DEUTSCH; $27.731 ;;
83;3;0;HERRAMIENTA EXTRACTOR PIN DT AMARILLA;23-DT;UN; $33.000 ;DEUTSCH; $27.731 ;;
84;3;1;HERRAMIENTA EXTRACTOR PIN DT GRIS;23-DT;UN; $33.000 ;DEUTSCH; $27.731 ;;
85;3;1;HERRAMIENTA EXTRACTOR PIN DT VERDE;23-DT;UN; $33.500 ;DEUTSCH; $28.151 ;;
86;3;2;EXTRACTOR SEGURO CONECTOR DEUTSCH;23-CONECTOR;UN; $32.000 ;DEUTSCH; $26.891 ; ;
87;3;42;EXTRACTOR PIN DTM ROJO PLASTICO;23-ROJO;UN; $5.500 ;DEUTSCH; $4.622 ;;
88;3;39;EXTRACTOR PIN DT AZUL PLASTICO;23-AZUL;UN; $5.500 ;DEUTSCH; $4.622 ;; 
89;3;7;EXTRACTOR PIN DT AMARILLO PLASTICO; ;UN; $6.000 ;DEUTSCH; $5.042 ;;
90;3;300;PIN DEUTSCH DTM MACHO;23-DTM;UN; $2.200 ;DEUTSCH; $1.849 ;;
91;18;;FOCO 17LED REDONDO BIVOL NEGRO 23MBB51;23-51;UN; $17.000 ;FOCO; $14.286 ;;
92;3;300;PIN DEUTSCH DTM HEMBRA;23-DTM;UN; $2.200 ;DEUTSCH; $1.849 ;;
93;3;200;PIN DEUTSCH DT MACHO;23-DT;UN; $1.400 ;DEUTSCH; $1.176 ;;
94;3;150;PIN DEUTSCH DT HEMBRA;23-DT;UN; $1.400 ;DEUTSCH; $1.176 ;;
95;3;60;PIN DEUTSCH DT12 HEMBRA;46379;UN; $2.500 ;DEUTSCH; $2.101 ;;
96;3;50;PIN DEUTSCH DT12 MACHO;46379;UN; $2.500 ;DEUTSCH; $2.101 ;;
97;3;5;PIN DEUTSCH DT8 HEMBRA;46257;UN; $3.500 ;DEUTSCH; $2.941 ;;
98;3;5;PIN DEUTSCH DT8 MACHO;46257;UN; $3.500 ;DEUTSCH; $2.941 ;;
99;3;4;PIN DEUTSCH DT4 HEMBRA;46135;UN; $3.800 ;DEUTSCH; $3.193 ;;
100;3;4;PIN DEUTSCH DT4 MACHO;46135;UN; $3.800 ;DEUTSCH; $3.193 ; ;
101;3;;PIN HEMBRA INYECTOR/BOBINA;23-INYECTOR;UN; $1.200 ;DEUTSCH; $1.008 ;;
102;19;;FOCO  9LED FAENERO REDONDO  10-30V CERT 16046;23-16046;UN; $12.500 ;FOCO; $10.504 ;;
103;3;;CONECTOR DTDH04-4P /4S;46135;UN; $21.000 ;DEUTSCH; $17.647 ;;
104;3;;CONECTOR DTDH04-8P /8S;46257;UN; $16.000 ;DEUTSCH; $13.445 ;;
105;3;;CONECTOR DTDH04-12P /12S;46379;UN; $12.000 ;DEUTSCH; $10.084 ;;
106;3;;CONECTOR 9 PINES DT;46288;UN; $100.000 ;DEUTSCH; $84.034 ;;
107;3 B;10;CONECTOR DEUTSCH DT04-2P         NEGRO;46076;UN; $10.000 ;DEUTSCH; $8.403 ;;
108;195;30;CONECTOR DEUTSCH 2P DT    GRIS;46076;UN; $10.000 ;DEUTSCH; $8.403 ;;
109;196;;CONECTOR DEUTSCH 3P DT;46104;UN; $12.000 ;DEUTSCH; $10.084 ;;
110;197;;CONECTOR DEUTSCH 4P DT;46135;UN; $14.500 ;DEUTSCH; $12.185 ;;
111;198;;CONECTOR DEUTSCH 6P DT;46196;UN; $16.000 ;DEUTSCH; $13.445 ;;
112;199;;CONECTOR DEUTSCH 8P DT;46257;UN; $18.000 ;DEUTSCH; $15.126 ; ;
113;4;;CINTA AISLANTE 3M 20MT NEGRA;23-20;UN; $3.000 ;CINTA ; $2.521 ;;
114;20;;FOCO 6LED CUADRADO EMBUTIDO 1200L MBF18;23-18;UN; $12.000 ;FOCO; $10.084 ;;
115;200;;CONECTOR DEUTSCH 8P DT  C/BACE;46257;UN; $17.850 ;DEUTSCH; $15.000 ;;
116;201;;CONECTOR DEUTSCH 12P DT;46379;UN; $25.000 ;DEUTSCH; $21.008 ;;
117;202;;CONECTOR DEUTSCH 12P DT   C/BACE;46379;UN; $29.750 ;DEUTSCH; $25.000 ;;
118;203;;CONECTOR DEUTSCH 2P DT COMPLETO;46076;UN; $15.000 ;DEUTSCH; $12.605 ;;
119;204;;CONECTOR DEUTSCH 3P DT COMPLETO;46104;UN; $20.000 ;DEUTSCH; $16.807 ;;
120;205;;CONECTOR DEUTSCH 4P DT  COMPLETO;46135;UN; $25.000 ;DEUTSCH; $21.008 ;;
121;206;;CONECTOR DEUTSCH 6P DT  COMPLETO;46196;UN; $32.000 ;DEUTSCH; $26.891 ;;
122;207;;CONECTOR DEUTSCH 8P DT  COMPLETO;46257;UN; $38.000 ;DEUTSCH; $31.933 ;;
123;208;;CONECTOR DEUTSCH 12P DT  COMPLETO;46379;UN; $53.000 ;DEUTSCH; $44.538 ;;
124;209;;CONECTOR DEUTSCH 12P DT C/BACE COMPLETO;46379;UN; $64.260 ;DEUTSCH; $54.000 ; ;
125;21;;FOCO 24LED CARRO TRACERO   19 X 9,8 X 5mm  015113;23-015113;UN; $14.500 ;FOCO; $12.185 ;;
126;210;;CONECTOR DEUTSCH 2P DTM;46076;UN; $10.000 ;DEUTSCH; $8.403 ;;
127;211;;CONECTOR DEUTSCH 3P DTM;46104;UN; $11.000 ;DEUTSCH; $9.244 ;;
128;212;;CONECTOR DEUTSCH 4P DTM;46135;UN; $12.500 ;DEUTSCH; $10.504 ;;
129;213;;CONECTOR DEUTSCH 6P DTM;46196;UN; $14.000 ;DEUTSCH; $11.765 ;;
130;214;;CONECTOR DEUTSCH 8P DTM;46257;UN; $16.460 ;DEUTSCH; $13.832 ;;
131;215;;CONECTOR DEUTSCH 12P DTM;46379;UN; $28.000 ;DEUTSCH; $23.529 ;;
132;216;;KIT CONECTORES DEUTSCH C/PRENSA;23-C;UN; $350.000 ;DEUTSCH; $294.118 ;;
133;217;;CONECTOR DEUTSCH  12P DT   12SA  ESPECIAL;46379;UN; $28.000 ;DEUTSCH; $23.529 ;;
134;218;;CONECTOR DEUTSCH  12P DT   12SB  ESPECIAL;46379;UN; $28.000 ;DEUTSCH; $23.529 ;;
135;219;;CONECTOR DEUTSCH  12P DT   12SC  ESPECIAL;46379;UN; $28.000 ;DEUTSCH; $23.529 ;;
136;22;;FOCO CARRO TRACERO C/AMPOLLETA  09113;23-09113;UN; $8.000 ;FOCO; $6.723 ;;
137;220;;CONECTOR DEUTSCH 40 PINES TIPO-40SA;23-40;UN; $87.000 ;DEUTSCH; $73.109 ;;
138;221;;CONECTOR DEUTSCH 40 PINES TIPO-40SB;23-40;UN; $93.000 ;DEUTSCH; $78.151 ;;
139;222;;CONECTOR DEUTSCH 40 PINES TIPO-40SC;23-40;UN; $93.000 ;DEUTSCH; $78.151 ;;
140;223;;SENSOR DE PRESION PC 220-LC8   2060661130;23-2060661130;UN; $21.000 ;DEUTSCH; $17.647 ;;
141;3;7;MICRO SWITCH DE MONTAJE 4P;46135;UN; $28.000 ;WARATHA; $23.529 ;;
142;3;100;SWITCH JOYSTICK LAINA  OMRON;23-LAINA;UN; $10.000 ;WARATHA; $8.403 ;;
143;3;100;SWITCH JOYSTICK      OMRON;23-JOYSTICK;UN; $10.000 ;WARATHA; $8.403 ;;
144;3;3;LAINAS JOYSTICK;23-LAINAS;UN; $11.300 ;WARATHA; $9.496 ;;
145;3;0;BOTONERA 8 BOTONES COMPLETO;46257;UN; $250.000 ;WARATHA; $210.084 ;;
146;3;1;PLACA BOTONERA 4 BOT;46135;UN; $33.500 ;WARATHA; $28.151 ;;
147;3;3;PLACA BOTONERA  6 BOT ADHESIVA;46196;UN; $64.260 ;WARATHA; $54.000 ;;
148;23;;FOCO  40LED CARRO TRACERO 34,5 X 15,5 X 5 MALLA PROTECTORA;46165;UN; $23.800 ;FOCO; $20.000 ;;
149;3;2;PLACA BOTONERA 8 BOT ADHESIVA;46257;UN; $73.350 ;WARATHA; $61.639 ;;
150;3;0;PLACA BOTONERA 2 BOT CUAD;46076;UN; $30.000 ;WARATHA; $25.210 ;;
151;3;6;PLACA BOTONERA 2 BOT OVALADO;46076;UN; $30.000 ;WARATHA; $25.210 ;;
152;3;1;KIT BOTONERA SELECCIÓN  DERECHA;23-SELECCIÓN;UN; $355.000 ;WARATHA; $298.319 ;;
153;3;2;KIT BOTONERA SELECCIÓN IZQUIERDA;23-SELECCIÓN;UN; $384.000 ;WARATHA; $322.689 ;;
154;3;4;BACE PLACA BOTONERA 8;46257;UN; $26.500 ;WARATHA; $22.269 ;;
155;3;1;BACE PLACA BOTONERA 4;46135;UN; $23.800 ;WARATHA; $20.000 ;;
156;3;4;KIT EMPUÑADURA + GATILLO;23-EMPUÑADURA;UN; $93.500 ;WARATHA; $78.571 ;;
157;3;3;EMPUÑADURA SURE GRIP S 2 BOTONES   OBALADO;46076;UN; $280.000 ;WARATHA; $235.294 ;;
158;3;0;EMPUÑADURA SURE GRIP S 2 BOTONES  CUADRADO;46076;UN; $350.000 ;WARATHA; $294.118 ;;
159;24;;FOCO TRACERO M BENZ   C/AMPOLLETA   LUZ PATENTE;;UN; $11.000 ;FOCO; $9.244 ;;
160;3;23;TORNILLO BACE SWITCH;23-BACE;UN; $3.300 ;WARATHA; $2.773 ;;
161;3;8;CONECTOR VALVULAS /SENSORES 2P CATERPILLAR;CR0002;UN; $10.000 ;CONECTOR; $8.403 ;;
162;3;3;CONECTOR VALVULAS /SENSORES 3P CATERPILLAR;CR0003;UN; $12.000 ;CONECTOR; $10.084 ; ;
163;241;11;CONECTOR MODULO CABEZAL GUERRA 26P HEMBRA;CR0021;UN; $25.000 ;CONECTOR; $21.008 ;;
164;242;9;CONECTOR MODULO CABEZAL GUERRA 34P HEMBRA;CR0022;UN; $28.000 ;CONECTOR; $23.529 ; ;
165;243;;CONECTOR HEMBRA  31P DT16;23-16;UN; $116.000 ;DEUTSCH; $97.479 ; ;
166;244;;CONECTOR MACHO  31P DT16;23-16;UN; $116.000 ;DEUTSCH; $97.479 ;  ; 
167;245;;CONECTOR SENSOR BOSCH 3PIN C/PINES;46104;UN; $10.000 ;DEUTSCH; $8.403 ;;
168;246;;RESISTENCIA 2,2K OHM;46076;UN; $300 ;RESISTENCIA; $252 ;;
169;247;;RESISTENCIA 1,2K OHM;46076;UN; $300 ;RESISTENCIA; $252 ;;
170;248;;RESISTENCIA 120 OHM;23-120;UN; $300 ;RESISTENCIA; $252 ;;
171;249;;LUZ LED 6mm AZUL/AMARILLA 12/24V;23-24;UN; $4.500 ;DEUTSCH; $3.782 ;;
172;25;;FOCO 30LED TRACERO LED M BENZ  C/ LUZ PATENTE;;UN; $29.790 ;FOCO; $25.034 ;;
173;250;;CHAPA CONTACTO WARATAHA  WA102892;23-102892;UN; $290.000 ;DEUTSCH; $243.697 ;;
174;251;0;EMPUÑADURA DOOSAN  3 BOTONES;46104;UN; $250.000 ;DEUTSCH; $210.084 ;;
175;3;6;BOTON SIMPLE DOOSAN;23-SIMPLE;UN; $29.000 ;DEUTSCH; $24.370 ;;
176;3;4;KIT BOTONES DOOSAN;23-BOTONES;UN; $55.000 ;DEUTSCH; $46.218 ;;
177;3;2;KIT BOTONES DOOSAN PLANO;23-DOOSAN;UN; $40.000 ;DEUTSCH; $33.613 ;;
178;3;3;SENSOR SIERRA SUPERIOR;23-SIERRA;UN; $42.500 ;WARATHA; $35.714 ;;
179;3;1;SENSOR DE LARGO WARATHA;23-LARGO;UN; $214.200 ;WARATHA; $180.000 ;;
180;3;1;SENSOR DE LARGO  MAGNETICO WARATHA;23-MAGNETICO;UN; $523.600 ;WARATHA; $440.000 ;;
181;3;6;SENSOR PROXIMIDAD SIERRA;ESA-S08KS02-M5-B1;UN; $71.400 ;WARATHA; $60.000 ;;
182;3;;CABLE SENSOR 4 VIAS X 0,5 mm  WARATHA  HEMBRA 2MT      M12;46379;UN; $17.850 ;CABLE SENSOR; $15.000 ;;
183;3;;CABLE SENSOR 4 VIAS X 0,5 mm  WARATHA  HEMBRA 5MT      M12;46379;UN; $40.460 ;CABLE SENSOR; $34.000 ;;
184;3;;CABLE SENSOR 4 VIASX 0,5mm  WARATHA  A 90   2MT X;46076;UN; $17.850 ;CABLE SENSOR; $15.000 ;;
185;26;;MICA FOCO TRACERO M BENZ;;UN; $5.000 ;FOCO; $4.202 ;;
186;3;;CABLE SENSOR 4 VIAS X 0,34 mm MACHO 2MT  M12 ifm;46379;UN; $30.000 ;CABLE SENSOR; $25.210 ;;
187;3;;PULSADOR MET 8,4mm JOYSTICK;46135;UN; $1.200 ;WARATHA; $1.008 ;;
188;262;;CONECTOR M12 MACHO 5P MONTAJE;46165;UN; $6.000 ;CONECTOR; $5.042 ;;
189;263;;CONECTOR M12 HEMBRA 5P MONTAJE;46165;UN; $6.000 ;CONECTOR; $5.042 ;;
190;264;;CONECTOR METALICO MACHO 4P  CARRO TIPO A RECTO;46135;UN; $15.000 ;CONECTOR; $12.605 ;;
191;265;;CONECTOR METALICO HEMBRA   4P CARRO TIPO A RECTO;46135;UN; $15.000 ;CONECTOR; $12.605 ;;
192;266;;CONECTOR METALICO HEMBRA 4P CARRO TIPO D RECTO;46135;UN; $15.000 ;CONECTOR; $12.605 ;;
193;267;;CONECTOR METALICO MACHO 4P CARRO TIPO D RECTO;46135;UN; $15.000 ;CONECTOR; $12.605 ; ;
194;268;;CONECTOR METALICO HEMBRA 4P CARRO TIPO A  90;23-90;UN; $15.000 ;CONECTOR; $12.605 ;;
195;269;;CONECTOR METALICO MACHO  4P  CARRO TIPO A  90;23-90;UN; $15.000 ;CONECTOR; $12.605 ;;
196;27;;"BACE GOMA C/ENCHUFE FOCO GOREN  4"" 153102";23-153102;UN; $3.000 ;FOCO; $2.521 ;;
197;270;;CONECTOR PLASTICO MACHO  5P  CARRO TIPO A RECTO;46165;UN; $12.500 ;CONECTOR; $10.504 ;;
198;271;;CONECTOR PLASTICO HEMBRA 5P   CARRO TIPO A  RECTO;46165;UN; $12.500 ;CONECTOR; $10.504 ;;
199;272;;CONECTOR PLASTICO HEMBRA 4P  CARRO TIPO A  90;23-90;UN; $12.500 ;CONECTOR; $10.504 ;;
200;273;;CONECTOR PLASTICO MACHO 4P CARRO TIPO A  90;23-90;UN; $12.500 ;CONECTOR; $10.504 ;;
201;274;;CONECTOR PLASTICO HEMBRA 4P CARRO TIPO D  90;23-90;UN; $12.000 ;CONECTOR; $10.084 ;;
202;275;;CONECTOR PLASTICO MACHO 4P CARRO TIPO D  90;23-90;UN; $12.000 ;CONECTOR; $10.084 ;;
203;2;;INTERRUPTOR JOISTYCK PLASTICO COLORES;23-PLASTICO;UN; 1700 ;INTERRUPTOR; $1.429 ;;
204;2;;BOTON PULSADOR JOISTYCK METALICO COLORES;23-METALICO;UN; 3300 ;INTERRUPTOR; $2.773 ;;
205;278;3;PRENSA PIN DEUTSCH DT 16;23-16;UN; $63.500 ;DEUTSCH; $53.361 ;;
206;279;0;PRENSA PIN DEUTSCH DTM 20;23-20;UN; $63.500 ;DEUTSCH; $53.361 ;;
207;28;;FOCO TRACERO FORD CARGO C/AMP + LUZ PATENTE 185TH;23-185;UN; $10.000 ;FOCO; $8.403 ;;
208;280;0;PRENSA PIN DEUTSCH DTP 12;46379;UN; $63.500 ;DEUTSCH; $53.361 ;;
209;281;;CONECTOR BOBINA SOLENOIDE C/LED;CR0025;UN; $10.000 ;CONECTOR; $8.403 ;;
210;282;;CONECTOR BOBINA SOLENOIDE;CR0024;UN; $5.000 ;CONECTOR; $4.202 ;;
211;283;;BOBINA SOLENOIDE 12V DIAMETRO INTERNO 16mm ALTO 51mm;23-51;UN; 35000 ;BOBINA; $29.412 ;;
212;284;;BOBINA SOLENOIDE 24V DIAMETRO INTERNO 16mm ALTO 51mm;23-51;UN; 35000 ;BOBINA; $29.412 ;; 
213;285;;CONECTOR INYECTOR /BOBINA COMPLETO;CR0023;UN; $10.000 ;CONECTOR; $8.403 ;;
214;3;50;CONECTOR BOBINA HEMBRA 2P 1R C/PINES --JOHN DEREE;CR0007;UN; $10.000 ;CONECTOR; $8.403 ;;
215;3;17;CONECTOR HEMBRA 2P 3 RIELES SENSOR ;CR0008;UN; $6.000 ;CONECTOR; $5.042 ;;
216;287;;ENCHUFE CARRO MACHO HELLA  EUROPEO;23-HELLA;UN; 9000 ;ENCHUFE; $7.563 ;;
217;288;;ENCHUFE CARRO HEMBRA HELLA EUROPEO;23-HELLA;UN; 9000 ;ENCHUFE; $7.563 ;;
218;289;;ENCHUFE CARRO HEMBRA  EUROPEO MET;23-EUROPEO;UN; 8000 ;ENCHUFE; $6.723 ;;
219;29;;FOCO 39LED TRACERO 12V/24V FORD CARGO 14806;23-14806;UN; $18.000 ;FOCO; $15.126 ;;
220;290;;ENCHUFE CARRO MACHO  EUROPEO MET;23-EUROPEO;UN; 8000 ;ENCHUFE; $6.723 ;;
221;291;;ENCHUFE CARRO HEMBRA HELLA EUROPEO NEGRO;23-EUROPEO;UN; 10000 ;ENCHUFE; $8.403 ;;
222;292;;ENCHUFE CARRO MACHO HELLA EUROPEO NEGRO;23-EUROPEO;UN; 10000 ;ENCHUFE; $8.403 ;;
223;293;;ENCHUFE CARRO  HEMBRA   AMERICANO HELLA;23-AMERICANO;UN; 17000 ;ENCHUFE; $14.286 ;;
224;294;;ENCHUFE CARRO  MACHO   AMERICANO HELLA;23-AMERICANO;UN; 17000 ;ENCHUFE; $14.286 ;;
225;295;;ENCHUFE CARRO  MACHO   AMERICANO   IMBEST;23-AMERICANO;UN; 6500 ;ENCHUFE; $5.462 ;;
226;296;;ENCHUFE CARRO HEMBRA/MACHO PLASTICO DNI KIT;23-DNI;UN; 10000 ;ENCHUFE; $8.403 ;;
227;297;;ENCHUFE 6 PIN HEMBRA F/MAN/MBENZ/VOLVO 2293;23-2293;UN; 8000 ;ENCHUFE; $6.723 ;;
228;298;;ENCHUFE 8 PIN HEMBRA F/ MAN/MBENZ/VOLVO ;2292;UN; 8000 ;ENCHUFE; $6.723 ;;
229;299;;ENCHUFE 8 PIN HEMBRA FOCO IVECO ;1143;UN; 7500 ;ENCHUFE; $6.303 ;;
230;4;;CINTA AISLANTE 18mm x 17MT     HELLA;23-17;UN; 2000 ;CINTA ; $1.681 ;; 
231;30;;FAROL DOBLE FAZ CUADRADO BIVOLTAJE IZQUIERDA;23-BIVOLTAJE;UN; $24.800 ;FOCO; $20.840 ;;
232;300;;HOROMETRO 12/24V NEGRO 9821;23-9821;UN; 28000 ;HERRAMIENTAS ; $23.529 ;;
233;301;;ENCHUFE ELECTROVENTILADOR 2 PINES 1822;23-1822;UN; 1500 ;ENCHUFE; $1.261 ;;
234;302;;ENCHUFE ELECTRO VENTILADOR  GRANDE 3090;23-3090;UN; 2200 ;ENCHUFE; $1.849 ;;
235;303;;ENCHUFE 8 POLOS MACHO C/CABLE 014;23-014;UN; 1400 ;ENCHUFE; $1.176 ;;
236;304;;ENCHUFE 8 POLOS HEMBRA  C/CABLE 010;23-010;UN; 1400 ;ENCHUFE; $1.176 ;;
237;305;;ENCHUFE 6 POLOS MACHO C/CABLE 011;23-011;UN; 1200 ;ENCHUFE; $1.008 ;;
238;306;;ENCHUFE 6 POLOS HEMBRA C/CABLE 012;23-012;UN; 1200 ;ENCHUFE; $1.008 ;;
239;307;;ENCHUFE 3 POLOS MACHO C/CABLE 015;23-015;UN; 1000 ;ENCHUFE; $840 ;;
240;308;;ENCHUFE 3 POLOS HEMBRA C/CABLE 018;23-018;UN; 1000 ;ENCHUFE; $840 ;;
241;309;;ENCHUFE 2 POLOS MACHO C/CABLE 016;23-016;UN; 750 ;ENCHUFE; $630 ;;
242;31;;FAROL DOBLE FAZ CUADRADO BIVOLTAJE DERECHA;23-BIVOLTAJE;UN; $248.000 ;FOCO; $208.403 ;;
243;310;;ENCHUFE 2 POLOS HEMBRA  C/CABLE 017;23-017;UN; 750 ;ENCHUFE; $630 ;;
244;311;;ENCHUFE 2 POLOS MACHO/HEMBRA 165253;23-165253;UN; 1700 ;ENCHUFE; $1.429 ;;
245;312;;ENCHUFE 2 POLOS CABLE 14/25.4  REF;46135;UN; 4200 ;ENCHUFE; $3.529 ;;
246;313;;ENCHUFE 3 POLOS CABLE  N16  SET 25.4Cm 3POL;46104;UN; 3800 ;ENCHUFE; $3.193 ;;
247;314;;ENCHUFE 2 POLOS CABLE N16 SET 35523;23-35523;UN; 2000 ;ENCHUFE; $1.681 ; ;
248;3;45;CONECTOR 3 PINES SET COMPLETO ARMABLE;CH026SKT3/ CR0018;UN; $1.500 ;CONECTOR; $1.261 ;;
249;3;3;CONECTOR 4 PINES MACHO/HEMBRA C/PINES ;CR0014;UN; $8.500 ;CONECTOR; $7.143 ;;
250;316;;CONVERSOR VOLTAJE 12V A 220V NEGRO 2000w;23-2000;UN; 71000 ;ACCESORIO; $59.664 ;;
251;317;;CONVERSOR VOLTAJE 12V A 220V ROJO  3000w;23-3000;UN; 74000 ;ACCESORIO; $62.185 ;;
252;318;;CONVERSOR VOLTAJE 24V A 12V 30AMP  360W 108X80X39mm;23-39;UN; 35700 ;ACCESORIO; $30.000 ;;
253;319;;SOPLETE SOLDADOR A GAS;23-A;UN; 22000 ;ACCESORIO; $18.487 ;;
254;32;;FAROL DOBLE FAZ 21LED 12V AM/ROJ  NEGRO    100mm;;UN; $17.850 ;FOCO; $15.000 ;;
255;320;;GAS BUTANO RONSON   50ML;23-50;UN; 5800 ;ACCESORIO; $4.874 ;;
256;321;;CAJA ORGANIZADORA;23-CAJA;UN; $5.000 ;HERRAMIENTAS ; $4.202 ;;
257;322;4;CAJA ORGANIZADORA STANLEY 430mmx330mmx88mm;23-88;UN; $25.000 ;HERRAMIENTAS ; $21.008 ;;
258;323;8;CAJA ORGANIZADORA PLASTICA CHICA 24C;23-24;UN; $6.000 ;HERRAMIENTAS ; $5.042 ;;
259;324;4;CAJA ORGANIZADORA 23D  380mmx32mmx7mm;46226;UN; $23.800 ;HERRAMIENTAS ; $20.000 ;;
;1;2;"PLUMILLA 14"" CLEANTECH HELLA";IMBEST;UN; $9.000 ;PLUMILLAS; $7.563 ;;
260;5;4;"PLUMILLA   16""";IMBEST;UN; $4.500 ;PLUMILLAS; $3.782 ;;
261;5;0;"PLUMILLA  18"" IMBEST";TP1920;UN; $6.000 ;PLUMILLAS; $5.042 ;;
262;5;2;"PLUMILLA   19""";IMBEST;UN; $4.500 ;PLUMILLAS; $3.782 ;;
;1;4;"PLUMILLA 19"" MULTI FLAT 2.0";IMBEST;UN; $6.500 ;PLUMILLAS; $5.462 ; ;
263;5;4;"PLUMILLA   21"" MULTI FLAT 2,0";IMBEST;UN; $6.500 ;PLUMILLAS; $5.462 ;;
264;5;5;"PLUMILLA   22""";IMBEST;UN; $5.000 ;PLUMILLAS; $4.202 ;;
265;5;3;"PLUMILLA  24""";IMBEST;UN; $6.800 ;PLUMILLAS; $5.714 ; ;
266;33;;FAROL DOBLE FAZ 21LED 24V AM/ROJ  NEGRO    100mm;;UN; $24.800 ;FOCO; $20.840 ;;
267;5;6;"PLUMILLA   26""";IMBEST;UN; $6.000 ;PLUMILLAS; $5.042 ;;
268;5;5;"PLUMILLA   28"" TIPO CAMION";IMBEST;UN; $7.500 ;PLUMILLAS; $6.303 ;; 
269;5;2;"PLUMILLA   28"" ";IMBEST;UN; $5.000 ;PLUMILLAS; $4.202 ;;
270;5;4;"PLUMILLA   32"" CAMION";IMBEST;UN; $15.000 ;PLUMILLAS; $12.605 ;;
271;5;4;"PLUMILLA   36""";IMBEST;UN; $17.000 ;PLUMILLAS; $14.286 ;;
272;5;4;"PLUMILLA    40""";IMBEST;UN; $17.000 ;PLUMILLAS; $14.286 ;;
273;335;;ENCHUFE MACHO 16 AMP;23-16;UN; 4000 ;ENCHUFE; $3.361 ;;
274;336;;ENCHUFE HEMBRA 16 AMP;23-16;UN; 4760 ;ENCHUFE; $4.000 ;; 
275;337;;ENCHUFE MACHO 10 AMP;46318;UN; 2300 ;ENCHUFE; $1.933 ;;
276;338;;ENCHUFE HEMBRA  10 AMP;46318;UN; 3000 ;ENCHUFE; $2.521 ;;
277;339;;ENCHUFE VOLANTE MENNEKES 2P 16AMP MACHO AZUL;23-16;UN; 6700 ;ENCHUFE; $5.630 ;;
278;34;;"FOCO DOBLE FAZ 24LED BIVOL AM/RO   4"" 1047car";1047;UN; $25.500 ;FOCO; $21.429 ;;
279;340;;ENCHUFE VOLANTE MENNKES 2P 16AMP HEMBRA AZUL;23-16;UN; 10000 ;ENCHUFE; $8.403 ;;
280;341;;ENCHUFE VOLANTE MENNEKES 2P 16AMP HEMBRA SOBREPUESTA;23-16;UN; 11500 ;ENCHUFE; $9.664 ;;
281;342;8;ADAPTADOR SCHUKO 10AMP 2200W BLANCO;23-2200;UN; $3.000 ;ENCHUFE; $2.521 ;;
282;343;;ENCHUFE HEMBRA EMBUTIDA 16AMP 2P 220V;23-220;UN; 11500 ;ENCHUFE;;;
283;344;;ENCHUFE HEMBRA EMBUTIDA  32AMP 2P 220V;23-220;UN; 27500 ;ENCHUFE;;;
284;345;;ENCHUFE MACHO 32AMP  220V;23-220;UN; 14200 ;ENCHUFE;;;
285;346;;AMARRAS PLASTICAS 4.8mm X 200mm;23-200;UN; 90 ;ACCESORIO; $76 ;;
286;347;;AMARRAS PLASTICAS 4.8mm X 300mm;23-300;UN; 100 ;ACCESORIO; $84 ;;
287;348;;AMARRAS PLASTICAS 4.8mm X 400mm;23-400;UN; 110 ;ACCESORIO; $92 ;;
288;349;;AMARRAS PLASTICAS 9 mm X 650mm;23-650;UN; 350 ;ACCESORIO; $294 ;;
289;35;;FOCO DOBLE FAZ 21LED 12-24V AM/ROJ  NEGRO  80mm  36513;36513;UN; $15.000 ;FOCO; $12.605 ;;
290;350;;CARTONERO METALICO 19X61mm;23-61;UN; 3500 ;HERRAMIENTAS ;;;
291;351;;KIT AMARRAS PLASTICAS DE COLORES 375 PCS;23-375;UN; 10700 ;ACCESORIO; $8.992 ;;
292;4;1;CORTA CORRIENTE 12V/ 24V   150AMP / 1000 AMP NOVAK;WH-A014;UN; $11.900 ;CORTA CORRIENTE ;;;
293;4;5;CORTA CORRIENTE BLINDADO 12-50V     600A-4000AMP;TA005703;UN; $34.000 ;CORTA CORRIENTE ;;;
294;4;3;CORTA CORRIENTE C/LLAVE DENGE M10;10051;UN; $23.800 ;CORTA CORRIENTE ;;;
295;4;1;CORTA CORRIENTE BLINDADO 12-50V 5702 300A-2500AMP;TA005702;UN; $31.500 ;CORTA CORRIENTE ;; ;
296;4;2;CORTA CORRIENTE 12V - 200AMP;10052;UN; $15.000 ;CORTA CORRIENTE ;;;
297;4;1;CORTA CORRIENTE 12V-24V 2 POSICIONES ;81004;UN; $18.000 ;CORTA CORRIENTE ;;;
298;4;2;SOLENOIDE AUXILIAR 12V;AS-SS9005P / ZM403;UN; $30.000 ;SOLENOIDE;;;
299;4;2;SOLENOIDE AUXILIAR  24V;ZM404;UN; $38.000 ;SOLENOIDE;;;
300;359;4;CAJA HERRAMIENTAS METALICA;FIXTEC;UN; $35.000 ;HERRAMIENTAS ;;;
301;36;;FOCO  10LED TROCHA AMBAR    100X50mm  09F132;09F132;UN; $6.500 ;FOCO; $5.462 ;;
302;4;5;SOLENOIDE AUXILIAR CONTINUO CHANCHITO 12V WAI;67-741;UN; $15.500 ;SOLENOIDE;;;
303;4;3;SOLENOIDE AUXILIAR FORD 12V;66-200;UN; $15.600 ;SOLENOIDE;;;
304;4;0;SOLENOIDE AUXILIAR CONTINUO CHANCHITO 24V WAI;23-24;UN; $15.600 ;SOLENOIDE;;;
305;4;0;SOLENOIDE PARADA MOTOR    12V CARRO ALPINE;46379;UN; $148.750 ;SOLENOIDE;;;
306;5;0;CABLE BATERIA ROJO INT 15mm / EXT 18mm Grueso;1 X 90;MT; $23.000 ;CABLE; $19.328 ;;
307;5;;CABLE ALTERNADOR NEGRO INT 6mm / EXT 9mm;1 X 16;MT; $6.000 ;CABLE; $5.042 ;;
308;5;;CABLE ALTERNADOR ROJO INT 6mm / EXT 9mm;1 X 16;MT; $6.000 ;CABLE; $5.042 ;;
309;5;;CABLE BATERIA NEGRO INT 8mm / EXT 12mm;1 X 35;MT; $11.500 ;CABLE; $9.664 ;;
310;5;;CABLE BATERIA ROJO INT 8mm / EXT 12mm;1 X 35;MT; $14.000 ;CABLE; $11.765 ;; 
311;5;;CABLE BATERIA ROJO INT 10mm / EXT 14mm;1 X 50;MT; $16.500 ;CABLE; $13.866 ;;
312;37;;FOCO 10LED TROCHA CRISTAL    100X50mm  09F132C;09F132C;UN; $6.500 ;FOCO; $5.462 ;;
313;5;;CABLE BATERIA NEGRO INT 10mm / EXT 14mm;1 X 50;MT; $16.500 ;CABLE; $13.866 ;;
314;5;;CABLE BATERIA NEGRO 13mm int / EXT 17mm;1 X 70;MT; $20.000 ;CABLE; $16.807 ;;
315;5;;CABLE BATERIA  ROJO 13mm  INT / EXT 17mm;1 X 70;MT; $20.000 ;CABLE; $16.807 ;;
316;5;;CABLE BATERIA 10mm NEGRO   RIGIDO;1 X 30;MT; $12.000 ;CABLE; $10.084 ;;
317;5;;CABLE BATERIA 10mm ROJO  RIGIDO;1 X 30;MT; $12.000 ;CABLE; $10.084 ;;
318;5;;CORDON 10 VIAS X 1,4mm JOISTICK;46135;MT; $2.800 ;CORDON; $2.353 ;;
319;5;;CORDON 2 VIAS X 1,5mm OLFLEX BK;46165;MT; 2500 ;CORDON; $2.101 ;;
320;5;;CORDON 3 VIAS X 2,5mm OLFLEX BK;46165;MT; 3450 ;CORDON; $2.899 ;;
321;5;;CORDON 3 VIAS X 1,5 OLFLEX BK;46165;MT; $2.850 ;CORDON; $2.395 ;;
322;5;;CORDON 4VIAS X 1,5mm NEGRO; ;MT; 3000 ;CORDON; $2.521 ;;
323;38;;FOCO 10LED  TROCHA  ROJO    100X50mm 09F132R;09F132R;UN; $6.500 ;FOCO; $5.462 ; ;
324;5;;CORDON 2 VIAS X 1,5mm GRIS;46165;MT; 2100 ;CORDON; $1.765 ;;
325;5;;CORDON 3 VIAS X 1,5 GRIS;46165;MT; 2200 ;CORDON; $1.849 ; ;
326;5;;CORDON 3 VIAS X 1,5 ESPECIAL NAR;46165;MT; 5200 ;CORDON; $4.370 ;;
327;5;;CORDON 2 VIAS X 1,5mm ESPECIAL NAR;46165;MT; 4800 ;CORDON; $4.034 ;;
328;5;;CORDON 3 VIAS X 0,75 mm WAR;23-75;MT; 4750 ;CORDON; $3.992 ;;
329;5;;CORDON 4 VIAS X 1,5mm 540P;23-540;MT; 7800 ;CORDON; $6.555 ;;
330;5;;CORDON TIERRA;23-CORDON;MT; $1.400 ;CORDON; $1.176 ;;
331;5;;CABLE N 8 ROJO;46257;MT; $1.600 ;CABLE; $1.345 ;;
332;5;;CABLE N 8 NEGRO;46257;MT; $1.600 ;CABLE; $1.345 ;;
333;5;;CABLE N 10   NEGRO;46318;MT; $1.400 ;CABLE; $1.176 ; ;
334;39;;BATERIA DE LITIO 20V, 4000 mah;23-4000;UN; 38000 ;ACCESORIO; $31.933 ;;
335;5;;CABLE N 10   ROJO;46318;MT; $1.400 ;CABLE; $1.176 ;;
336;5;;CABLE  N 12 NEGRO;46379;MT; $700 ;CABLE; $588 ;;
337;5;;CABLE  N 12  ROJO;46379;MT; $700 ;CABLE; $588 ;;
338;5;;CABLE  N 12  BLANCO;46379;MT; $700 ;CABLE; $588 ;;
339;5;;CABLE N 14  ROJO;23-14;MT; $500 ;CABLE; $420 ;;
340;5;;CABLE N 14  NEGRO;23-14;MT; $500 ;CABLE; $420 ;;
341;5;;CABLE N 16 BLANCO;23-16;MT; $300 ;CABLE; $252 ;;
342;5;;CABLE  N 16   ROJO;23-16;MT; $300 ;CABLE; $252 ;;
343;5;;CORDON 7 VIAS X 1,5 mm  OLFLEX;46165;MT; $6.000 ;CORDON ; $5.042 ;;
344;5;;CORDON COMUNICACIÓN 8 VIASX 1mm REC;46045;MT; $3.500 ;CORDON ; $2.941 ; ;
345;1;3;CINTA SUPER 33 3M X 20MT;23-20;UN; $10.710 ;CINTA ; $9.000 ;;
346;1;10;FOCO 10LED TROCHA VERDE    100X50mm  09F132G;09F132G;UN; $6.500 ;FOCO; $5.462 ; ;
347;1;29;FOCO LATERAL FLASH BLANCO 10LED ;100501;UN; $6.000 ;FOCO; $5.042 ;;
348;1;19;FOCO LATERAL FLASH AMBAR 10LED ;100502;UN; $6.000 ;FOCO; $5.042 ; ;
349;1;15;FOCO LATERAL FLASH ROJO 10LED ;100503;UN; $6.000 ;FOCO; $5.042 ;;
350;1;9;FOCO LATERAL FLASH 12V 6LED BLANCO 12-24V;67222;UN; $7.000 ;FOCO; $5.882 ; ;
;1B;2;FOCO LATERAL 24LED OVAL BIVOL ROJO 185 X 80mm;11011RO;UN; $12.000 ;FOCO; $10.084 ;;
;1B;4;MINI BARRA DEST 4LED CRISTAL BIVOL 96mm;17037CR;UN; $22.000 ;FOCO; $18.487 ; ;
;1B;4;MINI BARRA DEST 6LED CRISTAL BIVOL 128mm;17038CR;UN; $25.000 ;FOCO; $21.008 ; ;
351;2;3;FOCO SEÑALIZADOR 25LED BIVOLT 19,5 X 9cm;2503;UN; $12.500 ;FOCO; $10.504 ; ;
352;5;;CORDON COMUNICACION 6 VIAS X WAR;46196;MT; $25.000 ;CORDON ; $21.008 ;; 
353;5;;CORDON 12 X 1.5mm;46165;MT; $14.280 ;CORDON ; $12.000 ;;
354;5;;CORDON 6 VIAS X 1,5mm  TRAILER;46165;MT; $7.140 ;CORDON ; $6.000 ;;
355;5;;CORDON 7 VIAS X 1,5mm  TRAILER;46165;MT; $7.500 ;CORDON ; $6.303 ;;
356;404;;TERMINAL OJO 8  17,5   SC95-08;46257;UN; 2500 ;TERMINALES; $2.101 ;;
357;405;;TERMINAL OJO 8  15   SC70-08;46257;UN; 1800 ;TERMINALES; $1.513 ;;
358;406;;TERMINAL OJO 3/8 X 10  CABLE 00;23-00;UN; 2000 ;TERMINALES; $1.681 ;;
359;407;;TERMINAL OJO 5/16 X 8  CABLE 0;23-0;UN; 1100 ;TERMINALES; $924 ;;
360;408;;TERMINAL OJO 1/2 X 12 CABLE 000;23-000;UN; 2200 ;TERMINALES; $1.849 ;;
361;409;;TERMINAL OJO 12 X DI 13  SC50-12;46379;UN; 1200 ;TERMINALES; $1.008 ;;
362;41;;"FOCO 2""  AMBAR    C/ AMPOLLETA";;UN; $2.000 ;FOCO; $1.681 ;;
363;410;;TERMINAL OJO 10 X DI 13  SC50-10;46318;UN; 1500 ;TERMINALES; $1.261 ;;
364;411;;TERMINAL OJO 12 X DI 17,5  SC95-12;46379;UN; 3000 ;TERMINALES; $2.521 ;;
365;412;;TERMINAL OJO  1/0 AWG   TC-050               STANDARD;23-050;UN; 1690 ;TERMINALES; $1.420 ;;
366;413;;TERMINAL OJO    2/0 AWG  D/8,4mm       STANDARD;46135;UN; 1800 ;TERMINALES; $1.513 ;;
367;414;;TERMINAL OJO   3/0 AWG   TC-085             STANDARD;23-085;UN; 2100 ;TERMINALES; $1.765 ;;
368;415;;TERMINAL OJO    4/0 AWG   TC-095         STANDARD;23-095;UN; 2980 ;TERMINALES; $2.504 ;;
369;416;;TERMINAL AMARILLO MACHO;23-AMARILLO;UN; 120 ;TERMINALES; $101 ;;
370;417;;TERMINAL AMARILLO HEMBRA;23-AMARILLO;UN; 150 ;TERMINALES; $126 ;;
371;418;;TERMINAL HEMBRA  TRANSPARENTE;23-HEMBRA;UN; 150 ;TERMINALES; $126 ;;
372;419;;TERMINAL AZUL MACHO;23-AZUL;UN; 120 ;TERMINALES; $101 ;;
373;42;;"FOCO 2""  9LED AMBAR";;UN; $6.000 ;FOCO; $5.042 ;;
374;420;;TERMINAL AZUL HEMBRA;23-AZUL;UN; 120 ;TERMINALES; $101 ;;
375;421;;TERMINAL HEMBRA CELESTE;23-HEMBRA;UN; 150 ;TERMINALES; $126 ;;
376;422;;TERMINAL MACHO CELESTE;23-MACHO;UN; 200 ;TERMINALES; $168 ;;
377;423;;TERMINAL AMARILLO OJO  5/32   3.7mm;46226;UN; 200 ;TERMINALES; $168 ;;
378;424;;TERMINAL AMARILLO OJO     4mm     5,5-4;46135;UN; 200 ;TERMINALES; $168 ;;
379;425;;TERMINAL AMARILLO OJO  1/4     6,4 mm  5-6/10-12;46379;UN; 230 ;TERMINALES; $193 ;;
380;426;;TERMIAL AMARILLO OJO   3/16   5.3mm;46104;UN; 230 ;TERMINALES; $193 ;;
381;427;;TERMINAL AMARILLO OJO  3/8    10,5 mm  5-10/10-12;46379;UN; 300 ;TERMINALES; $252 ;;
382;428;;TERMINAL AMARILLO OJO  5/16      8,4mm  5-8- / 10-12;46379;UN; 250 ;TERMINALES; $210 ;;
383;429;;TERMINAL AMARILLO OJO  1/2  13mm  5-1/2 /  12-10;46318;UN; 350 ;TERMINALES; $294 ;;
384;43;;"FOCO 2"" 6 LED  AMBAR";;UN; $6.000 ;FOCO; $5.042 ;;
385;430;;TERMINAL OJO COBRE 10mm    300AMP;23-300;UN; 2000 ;TERMINALES; $1.681 ;;
386;431;;TERMINAL OJO COBRE 10mm    250AMP;23-250;UN; 1800 ;TERMINALES; $1.513 ;;
387;432;;TERMINAL OJO COBRE 5/16   8mm   100AMP;23-100;UN; 700 ;TERMINALES; $588 ;;
388;433;;TERMINAL OJO COBRE 5/16   8mm   80AMP;23-80;UN; 500 ;TERMINALES; $420 ;;
389;434;;TERMINAL OJO COBRE 1/4  6mm   40AMP;23-40;UN; 400 ;TERMINALES; $336 ;;
390;435;;TERMINAL OJO COBRE 1/4  6mm 20AMP SQ972;23-972;UN; 200 ;TERMINALES; $168 ;;
391;436;;TERMINAL OJO BRONCE 5/8  P/BARRA TIERRA;46257;UN; $1.900 ;TERMINALES; $1.597 ;;
392;437;;BARRA  COOPER  5/8 14mm X 1,5MT  100MICRAS;23-100;UN; $17.850 ;TERMINALES; $15.000 ;;
393;438;;TERMINAL OJO BRONCE 10mm int/ OJO 9mm 15001;23-15001;UN; 1600 ;ACC. BATERIA;;;
394;439;;TERMINAL OJO BRONCE 13mm int/ OJO 10mm 15016;23-15016;UN; 2800 ;ACC. BATERIA;;;
395;44;;"FOCO 2""  6LED AMBAR";;UN; $6.000 ;FOCO; $5.042 ;;
396;440;;TERMINAL BATERIA  C/FLANGE ROJO/NEGRO 5006 chico;23-5006;UN; 5000 ;ACC. BATERIA; $4.202 ;;
397;441;;TERMINAL BATERIA BRONCE POSITIVO;23-BRONCE;UN; 6000 ;ACC. BATERIA; $5.042 ;;
398;442;;TERMINAL BATERIA BRONCE NEGATIVO;23-BRONCE;UN; 6500 ;ACC. BATERIA; $5.462 ;;
399;443;;TERMINAL BATERIA BRONCE POSITIVO 18mm  5023;5023;UN; 3500 ;ACC. BATERIA; $2.941 ;;
400;444;;TERMINAL BATERIA BRONCE NEGATIVO 18mm 5023;5023;UN; 3500 ;ACC. BATERIA; $2.941 ;;
401;445;;TERMINAL BATERIA C/FLACHE 10mm ROJO/NEGRO ;5005;UN; 5000 ;ACC. BATERIA; $4.202 ;;
402;446;;TERMINAL BATERIA C/FLACHE 13mm  ROJO/NEGRO ;5011;UN; 6000 ;ACC. BATERIA; $5.042 ;;
403;447;;TERMINAL BATERIA C/FLANGE 18mm ROJO/NEGRO;15023;UN; 7000 ;ACC. BATERIA; $5.882 ;; 
404;448;;TERMINAL AMARILLO HORQUILLA;23-AMARILLO;UN; 160 ;TERMINALES; $134 ;;
405;449;;TERMINAL AZUL HORQUILLA;23-AZUL;UN; 120 ;TERMINALES; $101 ;;
406;45;;"FOCO 2"" 6 LED ROJO";;UN; $6.000 ;FOCO; $5.042 ; ;
407;450;;TERMINAL HEMBRA  DESCUBIERTA 9mm;46288;UN; 600 ;TERMINALES; $504 ;;
408;451;;TERMINAL HEMBRA DESC C/SEGURO 7 X 19mm IM182;23-182;UN; 100 ;TERMINALES; $84 ;;
409;452;;TERMINAL HEMBRA DESCUBIERTA C/SEG 2,8X5mm 972201;23-972201;UN; 100 ;TERMINALES; $84 ;;
410;453;;TERMINAL MACHO DESCUBIERTA C/SEGURO 6X0.8mm 976001;23-976001;UN; 100 ;TERMINALES; $84 ;;
411;454;;TERMINAL HEMBRA DESC 7X18mm S/SEGURO 24052;23-24052;UN; 100 ;TERMINALES; $84 ;;
412;455;;TERMINAL HEMBRA DESCUBIERTA C/SEGURO 8mm 24056;23-24056;UN; 100 ;TERMINALES; $84 ;;
413;456;;TERMINAL MACHO DESCUBIERTA C/SEGURO 7,5mm 24055;23-24055;UN; 100 ;TERMINALES; $84 ;;
414;457;;TERMINAL HEMBRA DESC PARLANTE C/SEG 13-026;23-026;UN; 100 ;TERMINALES; $84 ;;
415;458;;TERMINAL UNION CABLE AMARILLO;23-CABLE;UN; 170 ;TERMINALES; $143 ;;
416;459;;TERMINAL UNION CABLE AZUL;23-CABLE;UN; 170 ;TERMINALES; $143 ;;
417;46;;"FOCO 2"" 6 LED ROJO";;UN; $6.000 ;FOCO; $5.042 ;;
418;460;;TERMINAL AZUL OJO 10.5mm   3/8;46257;UN; 200 ;TERMINALES; $168 ;;
419;461;;TERMINAL AZUL OJO 8.4mm  5/16;23-16;UN; 200 ;TERMINALES; $168 ;;
420;462;;TERMINAL AZUL OJO 5.3mm   3/16;23-16;UN; 170 ;TERMINALES; $143 ;;
421;463;;TERMINAL AZUL  OJO 6.4mm     1/4;46135;UN; 170 ;TERMINALES; $143 ;;
422;464;;TERMINAL AZUL OJO 3.7mm   1/8;46257;UN; 100 ;TERMINALES; $84 ;;
423;465;;PINZAS BATERIA 75AMP   ROJO/NEGRO A25;23-25;UN; $2.500 ;ACC. BATERIA; $2.101 ;;
424;466;;PINZAS BATERIA 20AMP   ROJO/NEGRO;23-20;UN; $1.200 ;ACC. BATERIA; $1.008 ;;
425;467;;PINZAS ROJO / NEGRO   45AMP;23-45;UN; $2.000 ;ACC. BATERIA; $1.681 ;;
426;468;;PINZAS POSITIVA Y NEGATIVA  2000 AMP;23-2000;UN; $10.000 ;ACC. BATERIA; $8.403 ;;
427;469;;PINZAS BATERIA  10AMP;46318;UN; $1.300 ;ACC. BATERIA; $1.092 ;;
428;47;;"FOCO 2 1/2"" 4 LED AMBAR";;UN; $6.000 ;FOCO; $5.042 ;;
429;470;;PINZAS BATERIA 300 AMP;23-300;UN; $3.000 ;ACC. BATERIA; $2.521 ;;
430;471;;CABLE PUENTE BATERIA 1200AMP 2,5MTS;46165;UN; $15.000 ;ACC. BATERIA;;;
431;472;;CABLE PUENTE BATERIA 1200AMP 3MTS;46104;UN; $17.000 ;ACC. BATERIA;;;
432;473;;CABLE PUENTE BATERIA 1200AMP   7,5MTS;46165;UN; $30.000 ;ACC. BATERIA;;;
433;474;;PINZAS TIERRA 500 AMP PROFESIONAL;23-500;UN; $6.000 ;ACCESORIO; $5.042 ;;
434;475;;PINZAS PORTA ELECTRODO 600AMP PROFECIONAL;23-600;UN; $7.000 ;ACCESORIO; $5.882 ;;
435;2;;INTERRRUPTOR DE PALANCA LARGO ON-OFF;23-ON;UN; 7740 ;INTERRUPTOR; $6.504 ;;
436;2;;INTERRRUPTOR PALANCA 6P   14205PAL MOM-OFF-MOM MARGIRIUS;23-14205;UN; 12800 ;INTERRUPTOR; $10.756 ;;
437;2;;INTERRRUPTOR PALANCA ON-OFF-ON 6P POLLAK ;734577;UN; 17850 ;INTERRUPTOR; $15.000 ;;
438;2;;INTERRUPTOR PALANCA 3P MET ON-OFF-ON  MARGIRIUS;46104;UN; 10670 ;INTERRUPTOR; $8.966 ;;
439;48;;"FOCO 2 1/2"" 6 LED AMBAR";;UN; $6.000 ;FOCO; $5.042 ;;
440;2;;INTERRUPTOR PALANCA 2P ON/OFF  POLLAK ;734571;UN; 9000 ;INTERRUPTOR; $7.563 ;;
441;2;;INTERRUPTOR  PALANCA C/TAPA  ON/OFF  2S 350W ;2083;UN; 5000 ;INTERRUPTOR; $4.202 ;;
442;2;;INTERRUPTOR PALANCA LARGO MON/OFF 2P POLLAK;4579;UN; 11000 ;INTERRUPTOR; $9.244 ;;
443;2;;INTERRUPTOR DE TECLA 24V C/LUZ 20A   MARGIRIUS;14123;UN; 10000 ;INTERRUPTOR; $8.403 ;;
444;2;;INTERRUPTOR 3P   3SALIDAS   ON/OFF/ON   400W;23-400;UN; 2750 ;INTERRUPTOR; $2.311 ;;
445;2;8;INTERRUPTOR PALANCA 3P MON-OFF-MON  MARGIRIUS;14105;UN; 9000 ;INTERRUPTOR; $7.563 ;;
446;2;;INTERRUPTOR TECLA  ROJO 12-24V  35A  17R;23-17;UN; 3500 ;INTERRUPTOR; $2.941 ; ;
447;2;;INTERRUPTOR TECLA ON/OFF AMBAR 4S 12-24V  35A 17A;23-17;UN; 3500 ;INTERRUPTOR; $2.941 ;; 
448;2;;INTERRUPTOR TECLA 2P ON/OFF  ;9101;UN; 2000 ;INTERRUPTOR; $1.681 ;;
449;2;16;INTERRUPTOR TECLA 2P ON/OFF  09R;46288;UN; $1.500 ;INTERRUPTOR; $1.261 ;;
450;2;;INTERRUPTOR 3P 6S PALANCA  12/24V  ON/OFF/ON  111815;111815;UN; $3.500 ;INTERRUPTOR; $2.941 ;;
451;49;;FOCO 21/2  4LED AMBAR;;UN; $6.000 ;FOCO; $5.042 ;;
452;2;;INTERRUPTOR PALANCA 3POSICIONES METALICO ;411;UN; $2.000 ;INTERRUPTOR; $1.681 ;;
453;2;;INTERRUPTOR PALANCA  ON/OFF METALICO 412;23-412;UN; 2500 ;INTERRUPTOR; $2.101 ;;
454;2;;INTERRUPTOR  ON/OFF 3P  C/ LUZ ROJA  20D;23-20;UN; 2800 ;INTERRUPTOR; $2.353 ;;
455;2;;INTERRUPTOR TECLA ON/OFF 4P  410;23-410;UN; 4000 ;INTERRUPTOR; $3.361 ;;
456;2;;PULSADOR ROJO  ON/OFF  66078;23-66078;UN; 1000 ;INTERRUPTOR; $840 ;;
457;2;;PULSADOR VERDE ON/OFF  A66079;23-66079;UN; 1000 ;INTERRUPTOR; $840 ;;
458;2;;BOTON PULSADOR METALICO ROJO 26B;23-26;UN; 1200 ;INTERRUPTOR; $1.008 ;;
459;2;;BOTON PULSADOR METALICO AZUL 26BA;23-26;UN; 1200 ;INTERRUPTOR; $1.008 ;;
460;2;;BOTON PULSADOR REDONDO 33N PLAST NEGRO CHICO;23-33;UN; 1500 ;INTERRUPTOR; $1.261 ;;
461;2;;INTERRUPTOR PALANCA 2P 6AMP ON/OFF CORTO MARG CS301D;23-301;UN; 7800 ;INTERRUPTOR; $6.555 ;;
462;4;;CINTA AISLANTE SUPER CELLPACK 20MTS;23-20;UN; 6000 ;CINTA ; $5.042 ;;
463;50;;"FOCO 2 1/2"" 4 LED ROJO";;UN; $6.000 ;FOCO; $5.042 ;;
464;2;;INTERRUPTOR DE TIRO ON/OFF 2P;46076;UN; 3000 ;INTERRUPTOR; $2.521 ;;
465;2;;INTERRUPTOR DE PARTIDA  12/24V UNIV NEGRO;23-24;UN; 3000 ;INTERRUPTOR; $2.521 ;;
466;2;;INTERRUPTOR MINI TECLA  3P  3S  12/24V  10A 2190;23-2190;UN; 1000 ;INTERRUPTOR; $840 ;;
467;2;;INTERRUPTOR REDONDO 2186 ON/OFF 12/24V 80W;23-80;UN; 1300 ;INTERRUPTOR; $1.092 ;;
468;2;;INTERRUPTOR DE PARTIDA METALICO  12/24V 66077;23-66077;UN; 5000 ;INTERRUPTOR; $4.202 ;;
469;2;;INTERRUPTOR TECLA PLASTICO ROJO 12V;46379;UN; 3570 ;INTERRUPTOR; $3.000 ;;
470;2;;INTERRUPTOR DE LUZ M. BENZ  MARILIA  IM11175;23-11175;UN; 7700 ;INTERRUPTOR; $6.471 ;;
471;2;;INTERRUPTOR LIMPIA PARABRISA BUS   M. BENZ  IM11176;23-11176;UN; 6250 ;INTERRUPTOR; $5.252 ;;
472;2;;INTERRUPTOR DEL ACTUADOR;23-DEL;UN; 7700 ;INTERRUPTOR; $6.471 ;;
473;2;;PULSADOR VERDE 18531 MARGIRIUS;23-18531;UN; $5.000 ;INTERRUPTOR; $4.202 ;;
474;51;;"FOCO 2 1/2"" 6 LED ROJO";;UN; $6.000 ;FOCO; $5.042 ;; 
475;2;;PULSADOR NORMAL CERRADO  CS390NF;23-390;UN; $7.000 ;INTERRUPTOR; $5.882 ;;
476;2;2;ENCHUFE PULSADOR 19mm 5P;46165;UN; $6.000 ;ENCHUFE; $5.042 ;;
477;2;5;INTERRUPTOR PULSADOR 19mm 5P NORMAL;46165;UN; $12.000 ;INTERRUPTOR; $10.084 ;;
478;2;5;INTERRUPTOR PULSADOR 19mm 5P PERMANENTE;46165;UN; $15.000 ;INTERRUPTOR; $12.605 ;;
479;2;;INTERRUPTOR TECLA NEGRO 2P 16A  12/24V 5092N;23-5092;UN; 1250 ;INTERRUPTOR; $1.050 ; ;
480;2;;INTERRUPTOR TECLA NEGRO C/LED 3P 16A 12/24V 122029;23-122029;UN; 4000 ;INTERRUPTOR; $3.361 ;;
481;2;144;INTERRUPTOR REINICIO DE CUPULA 12mm;46379;UN; $3.000 ;INTERRUPTOR; $2.521 ;;
482;2;40;INTERRUPTOR REINICIO DE CUPULA 7mm; ;UN; $2.500 ;INTERRUPTOR; $2.101 ;;
483;2;14;INTERRUPTOR REINICIO DE CUPULA 6mm;46196;UN; $2.000 ;INTERRUPTOR; $1.681 ;;
484;2;;RELAY 12V 100AMP REFORZADO;23-100;UN; $15.000 ;RELAY; $12.605 ; ;
485;2;;RELAY 12V 120AMP REFORZADO;23-120;UN; $16.000 ;RELAY; $13.445 ; ;
486;2;5;RELAY 24V 100AMP REFORZADO;23-100;UN; $15.000 ;RELAY; $12.605 ;;
487;2;;RELAY 24V 120AMP REFORZADO;23-120;UN; $16.000 ;RELAY; $13.445 ;;
488;2;;RELAY 24V 10/20 AMP  5P C/INV   HELLA;8332061-2411;UN; $6.000 ;RELAY; $5.042 ;;
489;2;;RELAY 24V 20AMP 5P C/RESISTENCIA HELLA 791071;791071;UN; $6.000 ;RELAY; $5.042 ;;
490;519;;RELAY 12V  30/40AMP 5P INVER. S/SOP HELLA 8332051;23-8332051;UN; $6.000 ;RELAY; $5.042 ;;
491;52;;"FOCO 4""  12 LED  ROJO 203R";;UN; $12.500 ;FOCO; $10.504 ;;
492;520;;RELAY 12V 30/40AMP 5P C/INV-SOP HELLA 8332011;23-8332011;UN; $6.000 ;RELAY; $5.042 ;;
493;521;;RELAY 12V 20/30AMP 5P C/DIODO HELLA 007.794-041;23-041;UN; $8.500 ;RELAY; $7.143 ;;
494;522;;RELAY 12V 70AMP ALTA POT C/RESIST 4RA.933.332-53;23-53;UN; $20.000 ;RELAY; $16.807 ;;
495;523;;RELAY 12V    40/30AMP   5P   C/SOPOR C/RESIST 0116;23-0116;UN; $5.000 ;RELAY; $4.202 ;;
496;524;;RELAY 12V 40A   4P   DIN 0102/0111;23-0111;UN; $3.500 ;RELAY; $2.941 ;;
497;2;;RELAY 24V 70AMP 4P ALTA POTENCIA FLOSSER;2275;UN; $14.280 ;RELAY; $12.000 ;;
498;2;;RELAY 24V  40A  4P ALTA POTENCIA 2274 FLOSSER;2274;UN; $10.000 ;RELAY; $8.403 ; ;
499;2;;RELAY 24V 20A  4P FLOSSER ;4242;UN; $5.000 ;RELAY; $4.202 ;;
500;2;;RELAY 24V  20/30A  5P  FLOSSER ;4268;UN; $6.000 ;RELAY; $5.042 ;;
501;529;;RELAY 12V  70A  4P ALTA POTENCIA  FLOSSER;46135;UN; $10.000 ;RELAY; $8.403 ;;
502;53;;"FOCO 4""  12 LED AMBAR 203A";;UN; $12.500 ;FOCO; $10.504 ;;
503;530;;RELAY 12V 50AMP   4P   ALTA POTENCIA      FLOSSER;46135;UN; $10.000 ;RELAY; $8.403 ;;
504;531;;RELAY 12V  40/30A  5P  FLOSSER;46165;UN; $6.000 ;RELAY; $5.042 ;;
505;2;;RELAY 24V 10/20AMP 5P C/RESISTENCIA DIODO HELLA ;4RD007.903-011;UN; $9.000 ;RELAY; $7.563 ;;
506;2;;RELAY 24V  20AMP 4P  965.400.101 HELLA 0031;23-0031;UN; $6.000 ;RELAY; $5.042 ;;
507;2;;RELAY 24V 20AMP 4P C/RESISTENCIA HELLA 7011;23-7011;UN; $7.000 ;RELAY; $5.882 ;;
508;2;;RELAY 24V 40A 4P S/SOPORTE DNI 0211 / 0212;23-0212;UN; $4.000 ;RELAY; $3.361 ;;
509;536;;RELAY  24V     40A   4P C/SOPORTE;46135;UN; $3.000 ;RELAY; $2.521 ;;
510;2;;RELAY 24V 40/10A 5P C/INVERSOR S/SOPORTE DNI 0239;23-0239;UN; $5.000 ;RELAY; $4.202 ;;
511;2;;RELAY 24V 40/30 5P C/RES C/INV C/SOP DNI 0216;23-0216;UN; $6.000 ;RELAY; $5.042 ;;
512;539;;RELAY 12V  HIBRIDO  4P LAMPARAS LED;46135;UN; $7.000 ;RELAY; $5.882 ;;
513;54;;"FOCO 4""  12 LED  BLANCO 203B";;UN; $12.500 ;FOCO; $10.504 ; ;
514;540;;FLASH 24V HIBRIDO 4P LAMPARAS LED DNI 1113;23-1113;UN; $6.000 ;RELAY; $5.042 ;;
515;541;;RELAY 12V 40A  4P HELLA 400001;23-400001;UN; $6.000 ;RELAY; $5.042 ;;
516;542;;RELAY 12V    30A   4P DNI 0112;23-0112;UN; $3.500 ;RELAY; $2.941 ;; 
517;543;;RELAY MICRO 24V 20/10 AMP    5P C/ RESISTENCIA 319017;23-319017;UN; $9.000 ;RELAY; $7.563 ;;
518;544;;RELAY MICRO 24V 20/10 AMP    5P C/ RESIST 161-3128  CAT ORIG;23-3128;UN; $26.000 ;RELAY; $21.849 ;;
519;545;;PORTA RELAY LOZA C/CABLES 1106;23-1106;UN; 2200 ;PORTA RELAY;;;
520;546;;PORTA RELAY PLASTICO C/CABLE  1005;23-1005;UN; 1200 ;PORTA RELAY;;;
521;547;;PORTA RELAY PLASTICO C/CABLE PARA UNIR 1329;23-1329;UN; 2000 ;PORTA RELAY;;;
522;548;;PORTA RELAY CUADRADO C/CABLE;23-C;UN; 2500 ;PORTA RELAY;;;
523;549;;PORTA RELAY PARA ARMAR HELLA 26002;23-26002;UN; 1800 ;PORTA RELAY;;;
524;55;;"FOCO 4"" 12LED AMBAR APERNADO 204A";;UN; $12.500 ;FOCO; $10.504 ;;
525;550;;PORTA RELAY PARA ARMAR FLOSSER 2222;23-2222;UN; 2000 ;PORTA RELAY;;;
526;551;;PORTA RELAY ALTA POTENCIA PATAS GRANDES;23-PATAS;UN; 2500 ;PORTA RELAY;;;
527;2;;RELAY 24V MINIATURA KH-103-4C 14P;23-14;UN; $17.850 ;RELAY; $15.000 ;;
528;553;;BASE PARA RELE KH-RS14;23-14;UN; 10000 ;PORTA RELAY;;;
529;554;;FLASHER 24V  3P LARGO;46104;UN; 1000 ;ACCESORIO;;;
530;555;;FLASHER ELECTRONIC 12V  3P CORTO;46104;UN; 1000 ;ACCESORIO;;;
531;556;;FLASHER ELECTRONIC 12V  20AMP  3P  LARGO;46104;UN; 3800 ;ACCESORIO;;;
532;557;;CARGADOR DE BATERIA 12V 6AMP / 220V;1206;UN; $25.000 ;ACCESORIO; $21.008 ;;
533;558;;CARGADOR DE BATERIA INTELIGENTE 12V;46379;UN; $21.500 ;ACCESORIO; $18.067 ; ;
534;559;;WD - 40   191ML    155GR;23-155;UN; $9.800 ;LUBRICANTES; $8.235 ;;
535;1B;;"FOCO 4"" 24 LED ROJO 1192RT";;UN; $12.500 ;FOCO; $10.504 ;;
536;560;;BOTON DE EMERGENCIA CERTIFICADO;23-EMERGENCIA;UN; $7.500 ;SEGURIDAD;;;
537;561;;CINTA ANTIDESLIZANTE 50mmX 10MTS;46318;UN; $9.000 ;SEGURIDAD;;;
538;562;;CINTA ANTIDESLIZANTE 50mmX 5 MTS;46165;UN; $5.000 ;SEGURIDAD;;;
539;563;;CINTA ANTIDESLIZANTE 50mmX 15 MTS;23-15;UN; $14.500 ;SEGURIDAD;;;
540;564;;KIT CAJA TERMORETRACTIL 580;23-580;UN; 9000 ;FUNDA ; $7.563 ;;
541;565;;KIT TERMORETRACTIL 328 PCS;23-328;UN; 6000 ;FUNDA ; $5.042 ;;
542;566;;KIT TERMORETRACTIL C/ESTAÑO 328 PCS;23-328;UN; 20000 ;FUNDA ; $16.807 ;;
543;567;;TUBO TERMORETRACTIL NEGRO   5mm;46165;MT; 450 ;FUNDA ; $378 ;;
544;568;;TUBO TERMORETRACTIL NEGRO   7mm;46226;MT; 500 ;FUNDA ; $420 ;;
545;569;;TUBO TERMORETRACTIL NEGRO   14mm;23-14;MT; 1000 ;FUNDA ; $840 ;;
546;1B;;"FOCO 4"" 24 LED BLANCO";;UN; $12.500 ;FOCO; $10.504 ;;
547;570;;TUBO TERMORETRACTIL NEGRO   25mm;;MT; 2500 ;FUNDA ; $2.101 ;;
548;571;;TUBO TERMORETRACTIL NEGRO   40mm;;MT; 6000 ;FUNDA ; $5.042 ;;
549;572;;TUBO TERMORETRACTIL NEGRO   50mm;;MT; 7000 ;FUNDA ; $5.882 ;;
550;573;;CINTA REFLECTANTE 3M  ROJO/BLANCO;;MT; $5.000 ;SEGURIDAD; $4.202 ;;
551;574;;SPAGUETTY CORRUGADO 4mm  NEGRO;;MT; $400 ;FUNDA ; $336 ;;
552;575;;SPAGUETTY CORRUGADO 6mm  NEGRO;;MT; $500 ;FUNDA ; $420 ;;
553;576;;SPAGUETTY CORRUGADO 7mm  NEGRO;;MT; $500 ;FUNDA ; $420 ;;
554;577;;SPAGUETTY CORRUGADO 8mm  NEGRO;;MT; $600 ;FUNDA ; $504 ;;
555;578;;SPAGUETTY CORRUGADO 10mm  NEGRO;;MT; $750 ;FUNDA ; $630 ;;
556;579;;SPAGUETTY CORRUGADO 13mm  NEGRO;;MT; $1.000 ;FUNDA ; $840 ;;
557;1B;;"FOCO 4"" 24LED AMBAR";;UN; $12.500 ;FOCO; $10.504 ;;
558;580;;SPAGUETTY CORRUGADO 14mm  NEGRO;;MT; $1.000 ;FUNDA ; $840 ;;
559;581;;SPAGUETTY CORRUGADO 15mm  NEGRO;;MT; $1.000 ;FUNDA ; $840 ;;
560;582;;SPAGUETTY CORRUGADO 16mm  NEGRO;;MT; $1.500 ;FUNDA ; $1.261 ;;
561;583;;SPAGUETTY CORRUGADO 19mm  NEGRO;;MT; $1.600 ;FUNDA ; $1.345 ;;
562;584;;SPAGUETTY CORRUGADO 25mm  NEGRO;;MT; $1.400 ;FUNDA ; $1.176 ;;
563;585;;JUEGO DESTORNILLADORES 6 PCS TOTAL;;UN; 12220 ;HERRAMIENTAS ; $10.269 ;;
564;586;;JUEGO DESTORNILLADORES 7 PCS TOTAL;;UN; 13000 ;HERRAMIENTAS ; $10.924 ;;
565;587;;JUEGO DESTORNILLADORES 8 PCS TOTAL;;UN; 15000 ;HERRAMIENTAS ; $12.605 ;;
566;588;;"ALICATE CORTANTE   7""  TOTAL";;UN; 9800 ;HERRAMIENTAS ; $8.235 ;;
567;589;;"ALICATE PELACABLE 10"" TOTAL";;UN; $12.500 ;HERRAMIENTAS ; $10.504 ;;
568;1B;;FOCO MMMMMMLE;;UN; $12.500 ;FOCO; $10.504 ;;
569;590;;ALICATE 6 EN 1 ELECTRICISTA MILWAUKEE;46045;UN; 36300 ;HERRAMIENTAS ; $30.504 ;;
570;591;;TACOMETRO DIGITAL UNI-T  UT372;23-372;UN; 98180 ;HERRAMIENTAS ; $82.504 ;;
571;592;;CUBRE VOLANTE NEGRO;23-VOLANTE;UN; 6500 ;ACCESORIO; $5.462 ;;
572;593;;PINO AROMATICO;23-PINO;UN; $2.000 ;AROMATIZADOR ; $1.681 ;;
573;594;;AROMATIZADOR TARRO AUTO NUEVO;23-AUTO;UN; $4.500 ;AROMATIZADOR ; $3.782 ;;
574;595;;AROMATIZADOR TARRO NATURAL SPORT;23-NATURAL;UN; $4.500 ;AROMATIZADOR ; $3.782 ; ;
575;596;;AROMATIZADOR TARRO VAINILLA;23-TARRO;UN; $4.500 ;AROMATIZADOR ; $3.782 ; ;
576;597;;AROMATIZADOR BOTELLA VANILLA;23-BOTELLA;UN; $4.000 ;AROMATIZADOR ; $3.361 ; ;
577;598;;AROMATIZADOR BOTELLA BAMBU ICE;23-BAMBU;UN; $4.000 ;AROMATIZADOR ; $3.361 ;;
578;599;;AROMATIZADOR BOTELLA AUTO NUEVO;23-AUTO;UN; $4.000 ;AROMATIZADOR ; $3.361 ;;
579;1B;;FOCO  9 LED FAENERO CUADRADO  16047;16047;UN; $15.800 ;FOCO; $13.277 ;;
580;1B;;FOCO TRACERO DERECHO 60LED  12-24V RANDON DER;23-24;UN; $37.000 ;FOCO; $31.092 ;;
581;600;;GRASERAS RECTA M6 x 100mm SAMOA;23-100;UN; 700 ;ACCESORIO; $588 ;; 
582;601;;GRASERA RECTA M8 X 100mm  IMPORPER;23-100;UN; 800 ;ACCESORIO; $672 ;;
583;602;;GRASERA RECTA M10 X 100mm  IMPORPER;23-100;UN; 1000 ;ACCESORIO; $840 ;;
584;603;;CAJA TERMINALES FERRULES;23-TERMINALES;UN; 14000 ;TERMINALES; $11.765 ;;
585;604;;KIT TERMINALES FERRULES + PRENSA;23-FERRULES;UN; 32730 ;TERMINALES; $27.504 ;;
586;605;;CAJA  100 TERMINALES OJO P/ PRENSAR;23-100;UN; 23000 ;TERMINALES; $19.328 ;;
587;606;;TESTER BOLSILLO UT123;23-123;UN; $30.000 ;HERRAMIENTAS ; $25.210 ;;
588;607;;CABLES PARA TESTER;23-PARA;UN; $10.000 ;HERRAMIENTAS ; $8.403 ;;
589;608;;LLAVE CATERPILLAR  CHAPA CONTACTO;23-CHAPA;UN; 5000 ;ACCESORIO; $4.202 ;;
590;609;;LLAVE DOOSAN CHAPA CONTACTO;23-CHAPA;UN; $5.000 ;ACCESORIO; $4.202 ;;
591;1B;;FOCO TRACERO IZQUIERDO 60LED  12-24V RANDON IZQ;23-24;UN; $37.000 ;FOCO; $31.092 ;;
592;610;;LLAVE JOHN DEREE CHAPA CONTACTO;23-CHAPA;UN; 5000 ;ACCESORIO; $4.202 ;;
593;611;;CAJA FUSIBLE 3 AL 30/ TERMINALES HEMBRA / MACHO;23-30;UN; 35000 ;TERMINALES; $29.412 ;;
594;612;;CAJA TERMINALES DE OJO;23-DE;UN; 35000 ;TERMINALES; $29.412 ;;
595;613;;SOPORTE MAGNETICO PARA CELULAR CLIP NEGRO;23-CLIP;UN; 7500 ;ACCESORIO; $6.303 ;;
596;1A;;LUZ PILOTO ROJO   12V;9A1001RO;UN; $1.500 ;AMPOLLETA; $1.261 ;;
597;1A;;AMPOLLETA XENON D1S  HELLA;46045;UN; $71.400 ;AMPOLLETA; $60.000 ;;
598;1A;;AMPOLLETA 12V H1 55W   HELLA;23-55;UN; $4.000 ;AMPOLLETA; $3.361 ;;
599;1A;;AMPOLLETA 12V H4  60/55 W HELLA;23-55;UN; $5.500 ;AMPOLLETA; $4.622 ; ;
600;1A;;AMPOLLETA 12V H4 100/80 W   BRM;23-80;UN; $4.760 ;AMPOLLETA; $4.000 ;;
601;1A;;AMPOLLETA 12V H4    100/80W   HELLA;23-80;UN; $4.850 ;AMPOLLETA; $4.076 ;;
602;1B;;"FOCO 6 LED AMBAR 3 1/2"" GOREN  0153136";23-0153136;UN; $7.000 ;FOCO; $5.882 ;;
603;1A;;AMPOLLETA 12V H4    100/90W   HELLA;23-90;UN; $4.850 ;AMPOLLETA; $4.076 ;;
604;1A;11;AMPOLLETA 12V H4  100/90W  S Y N;23-90;UN; $4.000 ;AMPOLLETA; $3.361 ;;
605;1A;;AMPOLLETA 12V H4  100/90W           FLOSSER;23-90;UN; $5.500 ;AMPOLLETA; $4.622 ;;
606;1A;50;AMPOLLETA 12V H7  55W    HELLA;PX26D;UN; $5.500 ;AMPOLLETA; $4.622 ; ;
607;1A;;AMPOLLETA 12V H11 STD IMBEST;46349;UN; $5.500 ;AMPOLLETA; $4.622 ;;
608;1A;;AMPOLLETA 12V H9    55W  STD CAJA     HANKLE;23-55;UN; $5.500 ;AMPOLLETA; $4.622 ;;
609;1A;;AMPOLLETA 12V H15    15/55W   PGJ23T-1         HELLA;46045;UN; $21.000 ;AMPOLLETA; $17.647 ;;
610;1A;30;AMPOLLETA 12V 21W GLOBO GRANDE TUNGSRAM;1057;UN; $500 ;AMPOLLETA; $420 ;;
611;1A;20;AMPOLLETA 12V 18W GLOBO GRANDE    HELLA ;1141;UN; $500 ;AMPOLLETA; $420 ; ;
612;1A;;AMPOLLETA 12V  10W GLOBO CHICO     HELLA ;5008;UN; $400 ;AMPOLLETA; $336 ;;
613;1B;;"FOCO 6 LED ROJO    3 1/2"" GOREN 015110102";23-015110102;UN; $8.000 ;FOCO; $6.723 ;;
614;1A;31;AMPOLLETA 12V   21/5W    DOBLE FIL DISP TUNGSRAM;1077;UN; $750 ;AMPOLLETA; $630 ;;
615;1A;10;AMPOLLETA 12V 21/4W DOBLE FIL DISPAREJA BRM;8221;UN; $750 ;AMPOLLETA; $630 ; ;
616;1A;30;AMPOLLETA 12V   21/5W DOBLE FIL P/P TUNGSRAM;1098;UN; $700 ;AMPOLLETA; $588 ;;
617;1A;;AMPOLLETA 12V  5W COLA PEZ T10  TUNGSRAM;501;UN; $400 ;AMPOLLETA; $336 ;;
618;1A;;AMPOLLETA 12V  5W COLA PEZ  T10   HELLA;168;UN; $500 ;AMPOLLETA; $420 ;;
619;1A;;AMPOLLETA 12V 17/8W   P/P AMBAR HELLA;1176A;UN; $1.500 ;AMPOLLETA; $1.261 ;;
620;1A;40;AMPOLLETA 12V H3    100W         MICHIBA;H3 12V 100W;UN; $1.000 ;AMPOLLETA; $840 ;;
621;1A;29;AMPOLLETA 12V H3    100W        HELLA;H3 12V 100W;UN; $2.300 ;AMPOLLETA; $1.933 ;;
622;1A;;AMPOLLETA 12V H16   19W       HELLA;23-19;UN; $10.000 ;AMPOLLETA; $8.403 ;;
623;1A;;AMPOLLETA 12V 21W P/P GLOBO GRANDE AMBAR BRM; ;UN; $600 ;AMPOLLETA; $504 ;;
624;1A;;AMPOLLETA 12V 5W GLOBO CHICO TUNGSRAM;2619;UN; $500 ;AMPOLLETA; $420 ;;
625;1B;;FOCO FAENA 8LED 24W OVALADO 1800LM;23-1800;UN; $20.000 ;FOCO; $16.807 ;;
626;1A;;AMOLLETA 12V 5W TIPO FUSIBLE T11 X 39;23-39;UN; $250 ;AMPOLLETA; $210 ;;
627;1B;2;AMPOLLETA 24V H4  75/70W    FLOSSER;23-70;UN; $7.500 ;AMPOLLETA; $6.303 ;;
628;1B;26;AMPOLLETA 24V H4   75/70W  STD   HELLA;23-70;UN; $6.000 ;AMPOLLETA; $5.042 ;;
629;1B;20;AMPOLLETA 24V H4  100/80W      BRM;8414;UN; $5.000 ;AMPOLLETA; $4.202 ;;
630;1B;16;AMPOLLETA 24V H4 100/90W       HELLA;24V H4;UN; $10.000 ;AMPOLLETA; $8.403 ; ;
631;1B;10;AMPOLLETA 24V H4 100/80W  HELLA;H4 24V;UN; $10.000 ;AMPOLLETA; $8.403 ;;
632;1B;10;AMPOLLETA 24V H3 100W  HELLA;H3 24V 100W;UN; $2.700 ;AMPOLLETA; $2.269 ;;
633;1B;17;AMPOLLETA 24V H3 70W HELLA;H3 24V 70W;UN; $2.700 ;AMPOLLETA; $2.269 ;;
634;1B;10;AMPOLLETA 24V H3 70W IMBEST;H3 24V 7013;UN; $2.000 ;AMPOLLETA; $1.681 ;;
635;1B;;AMPOLLETA 24V 5W GLOBO CHICO TUNGSRAM;2627;UN; $500 ;AMPOLLETA; $420 ;;
636;1B;;AMPOLLETA 24V 5W GLOBO CHICO IMBEST 67;23-67;UN; $350 ;AMPOLLETA; $294 ;;
637;1B;;FOCO BARRA 6 LED 18w   45mm X 155mm X 50mm;23-50;UN; $8.500 ;FOCO; $7.143 ;;
638;1B;;AMPOLLETA 24V 5W GLOBO CHICO HELLA;5627;UN; $600 ;AMPOLLETA; $504 ;;
639;1B;;AMPOLLETA 24V 10W GLOBO CHICO HELLA;5637;UN; $650 ;AMPOLLETA; $546 ;;
640;;10;AMPOLLETA 24V 10W GLOBO CHICO IMBEST;1624;UN; $500 ;AMPOLLETA; $420 ;;
641;1B;40;AMPOLLETA 24V H7 70W HELLA;H7 24V;UN; $6.000 ;AMPOLLETA; $5.042 ;;
642;1B;0;AMPOLLETA 24V H7  100W IMBEST;23-100;UN; $5.500 ;AMPOLLETA; $4.622 ;;
643;1B;6;AMPOLLETA 24V H7  70W     HTUNGRRAM;23-70;UN; $5.000 ;AMPOLLETA; $4.202 ;;
644;1B;;AMPOLLETA 24V 5W T10 COLA PEZ;46318;UN; $500 ;AMPOLLETA; $420 ;;
645;1B;;AMPOLLETA 24V H1  70W      TRIFA;23-70;UN; $4.750 ;AMPOLLETA; $3.992 ;;
646;1B;;AMPOLLETA 24V H1 100W     TRIFA;23-100;UN; $6.000 ;AMPOLLETA; $5.042 ; ;
647;1B;;AMPOLLETA 24V H1  70W    HELLA;23-70;UN; $5.000 ;AMPOLLETA; $4.202 ;;
648;1B;;AMPOLLETA 24V 3W TIPO FUSIBLE    NARVA;46104;UN; $900 ;AMPOLLETA; $756 ;;
;;5;FOCO BARRA 6LED BIVOL ROJO 112 X 28mm;3030RO;UN; $6.500 ;AMPOLLETA; $5.462 ;;
;;5;FOCO BARRA 6LED BIVOL AMBAR 112 X 28mm;3030AM;UN; $6.500 ;AMPOLLETA; $5.462 ;;
649;1B;3;FOCO BARRA 9LED FLASH BLANCA AMARILLA 264X30X47;18059;UN; $8.000 ;FOCO; $6.723 ;;
650;1B;4;FOCO BARRA 24LED  9-48V 72W 4800LM     330X72X62;MBH72;UN; $25.000 ;FOCO; $21.008 ;; 
;1B;2;BARRA LED DEST BIVOL AMBAR 60LED 350 X 39 X30mm;SD9203AM;UN; $20.000 ;FOCO; $16.807 ;;
;1B;2;BARRA LED DEST BIVOL AMBAR 60LED 350 X 39 X30mm;SD9203RO;UN; $20.000 ;FOCO; $16.807 ;;
;1B;2;BARRA DESTELLA CRISTAL 24LED 24W 680X45X40mm ;1124W;UN; $52.000 ;FOCO; $43.697 ;; 
651;1B;2;TERCERA LUZ FRENO 24 LED FLASH;4059;UN; $4.800 ;FOCO; $4.034 ;;
652;1B;2;"TERCERA LUZ FRENO 15LED 14""  10-30V";5133;UN; $14.000 ;FOCO; $11.765 ;;
653;1B;;AMPOLLETA 24V 21W GLOBO GRANDE TUNGSRAM;1060;UN; $690 ;AMPOLLETA; $580 ;;
654;1B;30;AMPOLLETA 24V 21W GLOBO GRANDE  HELLA;7511;UN; $600 ;AMPOLLETA; $504 ;; 
655;1B;;AMPOLLETA 24V 21/5W  GLOBO GR   P/D   HELLA ;7537;UN; $650 ;AMPOLLETA; $546 ;; 
656;1B;;AMPOLLETA 24V  21/5W P/D  TUNGSRAM ;1078;UN; $900 ;AMPOLLETA; $756 ;;
657;1B;;AMPOLLETA 24V 21/5W  GLOBO GR   P/P   HELLA ;7534;UN; $700 ;AMPOLLETA; $588 ;;
658;1B;10;AMPOLLETA 24V 21W 1CONTACTO P/P AMBAR;2115AM;UN; $700 ;AMPOLLETA; $588 ;;
659;1B;10;AMPOLLETA 24V 21W 1CONTACTO P/P AMBAR HELLA;9507;UN; $1.000 ;AMPOLLETA; $840 ;;
660;1B;;AMPOLLETA 24V 5W COLA PEZ T10 HELLA;2845;UN; $500 ;AMPOLLETA; $420 ;;
661;1A;;AMPOLLETA 12V W21 W W3XX 16D  T20;23-20;UN; $2.000 ;AMPOLLETA; $1.681 ;;
662;1B;;AMPOLLETA 24V H21 HELLA;23-21;UN; $8.000 ;AMPOLLETA; $6.723 ;;
663;1A;;AMPOLLETA 12V 3W C/ROSCA;46104;UN; $500 ;AMPOLLETA; $420 ;;
664;1A;;AMPOLLETA 12V  21/5W   P/D   AMBAR  ;1016M;UN; $700 ;AMPOLLETA; $588 ;;
665;1B;;FOCO BARRA LED 72LED  9-48V 72W 5200LM     370X80X62;23-62;UN; $33.000 ;FOCO; $27.731 ;;
666;1A;;AMPOLLETA 12V 21W P/D AMBAR  HELLA;7507;UN; $1.500 ;AMPOLLETA; $1.261 ;;
667;1A;16;AMPOLLETA 12V  21/5W  P/P  HELLA;7240;UN; $700 ;AMPOLLETA; $588 ;;
668;1A;20;ENCHUFE AMPOLLETA H7 Q552;23-552;UN; $1.500 ;AMPOLLETA; $1.261 ;;
669;1A;;ENCHUFE AMPOLLETA T10 COLA PEZ;46318;UN; $750 ;AMPOLLETA; $630 ;;
670;1A;0;ENCHUFE LOZA H4 C/CABLE;46135;UN; $1.000 ;AMPOLLETA; $840 ;;
671;1B;10;ENCHUFE PORCELANA H1 H3;1017;UN; $600 ;AMPOLLETA; $504 ;;
672;675;;ALTERNADOR 12V 65AMP    F4L912;23-912;UN; $135.000 ;ALTERNADOR; $113.445 ;;
673;676;;MOTOR PARTIDA 12V 9D. 4KW;46135;UN; $220.000 ;MOTOR PARTIDA; $184.874 ;;
674;3A ;2;"MANO DE ENGANCHE 1 7/8""  x 2""";46076;UN; $23.000 ;ACCESORIO; $19.328 ;;
;;;"MANO DE ENGANCHE 1 7/8""  x 2 1/2""";2178IN;UN; $20.000 ;ACCESORIO; $16.807 ; ;
675;3A ;4;"MANO DE ENGANCHE  2""  x 2 1/2""";46076;UN; $25.000 ;ACCESORIO; $21.008 ;;
;;10;"PASADOR CON CLIP 1/2"" ";112IN;UN; $2.500 ;ACCESORIO; $2.101 ;;
676;679;4;"COCO ENGANCHE  1 7/8""  2000 lbs";23-2000;UN; $12.000 ;ACCESORIO; $10.084 ;;
677;1B;;"FOCO 3 LED 1""  AMBAR 12V";46379;UN; $3.700 ;FOCO; $3.109 ; ;
678;680;4;"COCO ENGANCHE  2""  3500 lbs";23-3500;UN; $13.000 ;ACCESORIO; $10.924 ;;
679;4;;CINTA TEFLON 1/2 X 10MT 0,75mm amarilla;23-75;UN; $1.200 ;CINTA ; $1.008 ;;
680;4;;CINTA TEFLON 3/4 X 10MT 0,75mm amarilla;23-75;UN; $1.500 ;CINTA ; $1.261 ;;
681;4;;"CINTA TEFLON 1"" X 10MT 0,75mm  amarilla";23-75;UN; $2.100 ;CINTA ; $1.765 ;;
682;684;;ESLINGA 25mm X 6MT;46196;UN; $9.000 ;ACCESORIO; $7.563 ;;
683;685;;ESLINGA  38mm x 6MTS;46196;UN; $12.000 ;ACCESORIO; $10.084 ;;
684;686;;CARGADOR BATERIA 3.5AMP SALIDA 21V.;23-21;UN; $22.000 ;ACCESORIO; $18.487 ;;
685;687;;"ESLINGA 2"" 9MTS CON TENSOR CERTIFICADO";46288;UN; 16000 ;ACCESORIO; $13.445 ;;
686;688;;ESLINGA TENSOR  6MTS X 38cm   1500 KG TOTAL;23-1500;UN; 14000 ;ACCESORIO; $11.765 ;;
687;689;;ESLINGA TENSOR  6MTS X 38cm;23-38;UN; 12000 ;ACCESORIO; $10.084 ;;
688;1B;;"FOCO 3 LED 1"" ROJO 12V";46379;UN; $3.700 ;FOCO; $3.109 ;;
689;690;;PRENSA TERMINALES DE TUBO;23-DE;UN; 57500 ;TERMINALES; $48.319 ;;
690;691;;SET TERMINALES OJO TUBO;23-OJO;UN; 22500 ;TERMINALES; $18.908 ;;
691;4;;CINTA ANTIFLAMA 32 mm x 15 mt;23-15;UN; 8330 ;CINTA ; $7.000 ;;
692;4;;CINTA ANTIFLAMA 25 mm x 15 mt;23-15;UN; 5950 ;CINTA ; $5.000 ;;
693;4;;CINTA ANTIFLAMA 19 mm x 15 mt;23-15;UN; 5400 ;CINTA ; $4.538 ;;
694;4;;CINTA ANTIFLAMA 19 mm x 20 mt  6511;23-6511;UN; 5400 ;CINTA ; $4.538 ;;
695;4;;CINTA ANTIFLAMA 25 mm x 20 mt;23-20;UN; 5700 ;CINTA ; $4.790 ;;
696;697;;"VOLTIMETRO 2""  12V  4101";23-4101;UN; 13000 ;HERRAMIENTAS ; $10.924 ;;
697;698;;"VOLTIMETRO 2"" 24V 52mm OR BLACO AR0194";23-0194;UN; 30000 ;HERRAMIENTAS ; $25.210 ;;
698;699;;"VOLTIMETRO 2"" 24V  52mm  OR NEGRO AR0196";23-0196;UN; 30000 ;HERRAMIENTAS ; $25.210 ;;
699;1B;;FOCO 16 LED FAENERO CUADRADO ;16041;UN; $21.000 ;FOCO; $17.647 ;;
700;1B;;"FOCO 6LED 1""  AMBAR 12-24V  9118";23-9118;UN; $4.000 ;FOCO; $3.361 ;; 
701;2;;CHAPA CONTACTO 12/24V  3POSICIONES IMBEST;46104;UN; $6.000 ;INTERRUPTOR; $5.042 ;;
702;1;;CHAPA CONTACTO 12/24V  4P   MARILIA;46135;UN; $13.650 ;INTERRUPTOR; $11.471 ;;
703;1;;CHAPA CONTACTO 12/24V  4 POSICIONES 8031;23-8031;UN; $10.000 ;INTERRUPTOR; $8.403 ;;
704;1;;CHAPA CONACTO DNI 4P 12/24V;23-24;UN; $12.500 ;INTERRUPTOR; $10.504 ;;
705;703;;PROBADOR DE CORRIENTE 12-24V SS951;23-951;UN; $2.500 ;ACCESORIO; $2.101 ;;
706;1A;;AMPOLLETA COLA PEZ LED T10 ROJO/AZUL/VERDE/AMARRLLA;46318;UN; $800 ;AMPOLLETA; $672 ;;
707;705;;PROBADOR DE CORRIENTE DIGITAL 6- 24v;23-24;UN; $12.500 ;ACCESORIO; $10.504 ;;
708;706;;ABRAZADERA 8-12 METALICA  5/16 - 1/2;46076;UN; $400 ;ACCESORIO; $336 ;;
709;707;;ABRAZADERA 10-16 METALICA  3/8 - 5/8;46257;UN; $450 ;ACCESORIO; $378 ;;
710;708;;ABRAZADERA 12-20 METALICA  1/2 - 3/4;46135;UN; $500 ;ACCESORIO; $420 ;;
711;709;;ABRAZADERA 12-22 METALICA  1/2 - 7/8;46257;UN; $500 ;ACCESORIO; $420 ;;
712;1B;;"FOCO 6LED 1""   ROJO 12-24V 9116";23-9116;UN; $4.000 ;FOCO; $3.361 ;; 
;1B;10;FOCO LATERAL OVALADO 3LED AMBAR BIVOL 93X20mm;4201AM ;UN; $4.500 ;FOCO; $3.782 ;;
;1B;10;FOCO LATERAL OVALADO 3LED ROJO BIVOL 93X20mm;4201RO;UN; $4.500 ;FOCO; $3.782 ;;
;1B;10;FOCO LATERAL OVALADO DEST 3LED AMBAR BIVOL 93X20mm;4201AMD;UN; $5.300 ;FOCO; $4.454 ;;
;1B;10;FOCO LATERAL OVALADO DEST  3LED ROJO BIVOL 93X20mm;4201ROD;UN; $5.300 ;FOCO; $4.454 ;;
713;710;;"ABRAZADERA 16-25 METALICA  5/8- 1""";46045;UN; $600 ;FOCO; $504 ;;
714;711;;PRENSA CONECTOR   RJ45;23-45;UN; $20.000 ;HERRAMIENTAS ; $16.807 ;;
715;;100;ENCHUFE RJ45 NORMAL;23-45;UN; $350 ;ENCHUFE; $294 ;;
716;;17;ENCHUFE RJ45 METALICO;23-45;UN; $500 ;ENCHUFE; $420 ;;
717;712;;CAUTIN SOLDADOR 12/24V;23-24;UN; 42500 ;ACCESORIO; $35.714 ;;
718;713;;GABINETE METALICO  250 X 200 X 150mm;23-150;UN; 26000 ;ACCESORIO; $21.849 ;;
719;714;;PRENSA ESTOPA 13.5mm;46165;UN; 600 ;ACCESORIO; $504 ;;
720;715;;PRENSA ESTOPA 16mm;23-16;UN; 750 ;ACCESORIO; $630 ;;
721;716;;FUNDA CABLE TRENZADA  10mm;46318;UN; 2300 ;FUNDA ; $1.933 ;;
722;717;;FUNDA CABLE TRENZADA  12mm;46379;UN; 2500 ;FUNDA ; $2.101 ;;
723;718;;FUNDA CABLE GENERO 10mm;46318;UN; 2500 ;FUNDA ; $2.101 ;;
724;719;;PIN HEMBRA MODULO IQAN;23-MODULO;UN; $1.200 ;DEUTSCH; $1.008 ;;
725;1B;;FOCO LATERAL 1LED AMBAR;46045;UN; $7.500 ;FOCO; $6.303 ;;
726;720;;PASTA SOLDAR INDEPP 100GR;23-100;UN; 4200 ;ACCESORIO; $3.529 ;;
727;721;;ROLLO ESTAÑO 0,8mm  100 gr;23-100;UN; 17850 ;ACCESORIO; $15.000 ;;
728;722;;KIT SOPLETE GAS + KIT HERRAMIENTAS;23-KIT;UN; 50000 ;ACCESORIO; $42.017 ;;
729;723;4;ADAPTADOR  12V / 24V C/ CABLE 1,5MT;46165;UN; $8.000 ;ACCESORIO; $6.723 ; ;
730;;20;ADAPTADOR 12/24V 9CM 20AMP;23-20;UN; $5.000 ;ACCESORIO; $4.202 ;;
731;724;;COMPRESOR AIRE 12V  150PSI;23-150;UN; 20000 ;ACCESORIO; $16.807 ;;
732;725;;COMPRESOR AIRE RECARGABLE  150PSI 60w;23-60;UN; 34000 ;ACCESORIO; $28.571 ;;
733;726;;LINTERNA CABEZA LED 350LM;23-350;UN; 7000 ;ACCESORIO; $5.882 ;;
734;727;;CAUTIN SOLDADOR INALAMBRICO TOTAL;23-INALAMBRICO;UN; 30000 ;ACCESORIO; $25.210 ;;
735;728;;TUBO LED 20W 60CM 220V LUZ FRIA;23-220;UN; 6500 ;ACCESORIO; $5.462 ;;
736;729;;LOCTITE 495 20GR LA GOTITA;23-20;UN; $20.500 ;LOCTITE ; $17.227 ;;
737;1B;;FOCO LATERAL 6LED AMBAR 10-30V CH015;23-015;UN; $5.000 ;FOCO; $4.202 ; ;
738;730;;FUSIBLE TERMICO 60AMP CAT 171-2208;23-2208;UN; 83000 ;FUSIBLE; $69.748 ;;
739;731;;FUSIBLE TERMICO 105AMP  CAT 171-2212;23-2212;UN; 83000 ;FUSIBLE; $69.748 ;;
740;733;;LIMPIA CONTACTO LOCTITE;23-CONTACTO;UN; $10.600 ;LOCTITE ; $8.908 ;;
741;734;;LOCTITE 242 50ML;23-50;UN; $47.790 ;LOCTITE ; $40.160 ;;
742;735;;LOCTITE 271 50ML;23-50;UN; $47.790 ;LOCTITE ; $40.160 ;;
743;736;;LOCTITE 272 50ML;23-50;UN; $49.000 ;LOCTITE ; $41.176 ;;
744;737;;LOCTITE 277 50ML;23-50;UN; $47.790 ;LOCTITE ; $40.160 ;;
745;738;;LOCTITE 609 50ML;23-50;UN; $42.000 ;LOCTITE ; $35.294 ;;
746;739;;LOCTITE 640 50ML;23-50;UN; $51.500 ;LOCTITE ; $43.277 ;;
747;74;;SOPORTE METALICO PARA FOCO 2 1/2 15B002;23-002;UN; $2.800 ;ACCESORIO; $2.353 ;;
748;740;;LOCTITE 515 50ML;23-50;UN; $43.000 ;LOCTITE ; $36.134 ;;
749;741;;LOCTITE 518 50ML;23-50;UN; $56.200 ;LOCTITE ; $47.227 ;;
750;742;;LOCTITE ACERO LIQUIDO 56gr;23-56;UN; $10.000 ;LOCTITE ; $8.403 ;;
751;743;;LOCTITE SILICONA GREY;23-SILICONA;UN; $7.800 ;LOCTITE ; $6.555 ;;
752;744;;TEFLON LIQUIDO LOCTITE 592 50ML;23-50;UN; $45.850 ;LOCTITE ; $38.529 ;;
753;4;;"CINTA ANTIFLAMA 1"" X 50MT 6515";23-6515;UN; 13000 ;CINTA ; $10.924 ;; 
754;746;;TERMINAL OJO 8 X DI 17,2  SC25-08;46257;UN; 500 ;TERMINALES; $420 ;;
755;747;;TERMINAL OJO 8 X DI 9 SC35-08;46257;UN; 800 ;TERMINALES; $672 ;;
756;748;;TERMINAL OJO 12 X DI 12,2 SC70-12;46379;UN; 1700 ;TERMINALES; $1.429 ;;
757;749;;TERMINAL OJO 10 X DI 12,2 SC70-10;46318;UN; 1700 ;TERMINALES; $1.429 ;;
758;75;;BALIZA NO ESTA;23-NO;UN; 29500 ;BALIZA; $24.790 ;;
759;750;;TERMINAL OJO 8 X DI 10,6 SC50-08;46257;UN; 1500 ;TERMINALES; $1.261 ;;
760;4;;"CINTA ANTIFLAMA 1"" x 20MT ";6514;UN; 6000 ;CINTA ; $5.042 ;;
761;4;;CINTA ANTIFLAMA 3/4 x 50MT  6512;23-6512;UN; 9000 ;CINTA ; $7.563 ;;
762;4;;HUINCHA DOBLE FAZ 3/4 X 50MT;23-50;UN; 8500 ;CINTA ; $7.143 ;;
763;4;;HUINCHA DOBLE FAZ 3/4 X 20MT;23-20;UN; 6000 ;CINTA ; $5.042 ;;
764;4;;HUINCHA DOBLE FAZ 1/2 X 20MT;23-20;UN; 4000 ;CINTA ; $3.361 ;;
765;4;;CINTA AISLANTE 3M 20MT AZUL;23-20;UN; $3.000 ;CINTA ; $2.521 ;;
766;4;;CINTA AISLANTE 3M 20MT BLANCA;23-20;UN; $3.000 ;CINTA ; $2.521 ;;
767;4;;CINTA AISLANTE 3M 20MT ROJA;23-20;UN; $3.000 ;CINTA ; $2.521 ;;
768;4;;CINTA AISLANTE 3M 20MT VERDE;23-20;UN; $3.000 ;CINTA ; $2.521 ;;
769;76;;BALIZA 10 LED C/ ENCHUFE 12V A 32V;23-32;UN; 18000 ;BALIZA; $15.126 ;;
770;4;;CINTA AISLANTE ENGOMADA CELLPACK;23-ENGOMADA;UN; $12.000 ;CINTA ; $10.084 ;;
771;761;5;ADAPTADOR CIGARRERA 12/24V;23-24;UN; $4.500 ;ACCESORIO; $3.782 ;;
772;762;;AMPOLLETA 12V H11 STD HELLA;46349;UN; $8.500 ;AMPOLLETA; $7.143 ;;
773;763;;FOCO 36LED TRACERO BIVOL C/REJ 145X230X55mm  9RL031;23-031;UN; 18000 ; ; $15.126 ;;
774;764;;FOCO TRACERO M BENZ 30LED BIVOL IZQ 424X10;46318;UN; 23800 ; ; $20.000 ;;
775;765;;FOCO TRACERO M BENZ 30LED BIVOL DER 424X10;46318;UN; 23800 ; ; $20.000 ;;
776;766;;CONECTOR DEUTSCH MACHO 40PINES ECM;23-40;UN; $105.000 ;DEUTSCH; $88.235 ;;
777;767;;CONECTOR DEUTSCH HEMBRA 40 PINES  ECM;23-40;UN; $105.000 ;DEUTSCH; $88.235 ;;
778;1A;18;AMPOLLETA 12V H3 55W HELLA;H3 55W;UN; $2.300 ;AMPOLLETA; $1.933 ;;
779;1A;;AMPOLLETA 12V H9  65W  HELLA;H9;UN; 5500 ;AMPOLLETA; $4.622 ;;
780;77;;BALIZA AMBAR 24LED MAGNETICA 5724;23-5724;UN; 20000 ;BALIZA; $16.807 ;;
781;770;;SET FUSIBLE PALETA 3/5/7.5/10/15/20/25/30 x 10c/u;46318;UN; 9600 ;FUSIBLE; $8.067 ;;
782;4;3;CORTA CORRIENTE 12V-50V  300-2500AMP 5704;TA005704;UN; $30.000 ;CORTA CORRIENTE ; $25.210 ;;
783;5;2;"PLUMILLA 14""";IMBEST;UN; $4.000 ;PLUMILLAS; $3.361 ;;
784;773;;TUBO TERMORETRACTIL 3mm;46104;MT; 450 ;FUNDA ; $378 ;;
785;774;;SPAGUETTY CORRUGADO 12mm Negro;46379;MT; $800 ;FUNDA ; $672 ;;
786;775;;AROMATIZADOR TARRO CHERRY;23-TARRO;UN; $4.500 ;ACCESORIO; $3.782 ;;
787;776;;LLAVE KOMATSU CHAPA CONTACTO;23-CHAPA;UN; 5000 ;ACCESORIO; $4.202 ;;
788;1A;8;AMPOLLETA 12V H4 100/90W NARVA;H4;UN; $5.000 ;AMPOLLETA; $4.202 ;;
789;1A;20;AMPOLLETA 12V 21W P/D AMBAR IMBEST  ;3812AM;UN; $1.000 ;AMPOLLETA; $840 ;;
790;779;;PORTA FILTRO HIDRAULICO P165332;23-165332;UN; $250.500 ;ACCESORIO; $210.504 ;;
791;78;;BALIZA 40LED C/IMAN 125-110mm AMBAR 205MAM;23-205;UN; 30000 ;BALIZA; $25.210 ; ;
792;2;;MICRO SWITCH 1C25;23-25;UN; 5500 ;INTERRUPTOR; $4.622 ;;
793;4;2;PORTA FUSIBLE PALETA  8 SALIDAS;CH009ZSFB1073;UN; $6.500 ;PORTA FUSIBLE; $5.462 ;;
794;782;;SPAGUETTY CORRUGADO 9mm NEGRO 99MM;23-99;MT; $700 ;FUNDA ; $588 ;;
795;783;;PARTIDOR 10000MAH C/COMPRESOR Y LUZ;23-10000;UN; 73000 ;ACCESORIO; $61.345 ;;
796;5;6;"PLUMILLA 20""";IMBEST;UN; $4.500 ;PLUMILLAS; $3.782 ;;
797;785;;CAUTIN SOLDADOR 220V 80W;23-80;UN; 7000 ;ACCESORIO; $5.882 ;;
798;786;;DESTORNILLADOR CRUZ  75mm THT26PH1075 TOTAL;23-1075;UN; 2500 ;HERRAMIENTAS ; $2.101 ;;
799;787;;DESTORNILLADOR PALETA 75mm THT265075 TOTAL;23-265075;UN; 2500 ;HERRAMIENTAS ; $2.101 ;;
800;788;;DESTORNILLADOR CRUZ  75mm THT26PH0075 TOTAL;23-0075;UN; 2000 ;HERRAMIENTAS ; $1.681 ;;
801;789;;DESTORNILLADOR PALETA 100mm THT264100 TOTAL;23-264100;UN; 2200 ;HERRAMIENTAS ; $1.849 ;;
802;79;;BALIZA 80LED 12/24V  202x157mm  C/ PERNOS 1166AM;23-1166;UN; 27000 ;BALIZA; $22.689 ;;
803;790;;DESTORNILLADOR CRUZ THT26PH2125 125mm TOTAL;23-125;UN; 2500 ;HERRAMIENTAS ; $2.101 ;;
804;791;;DESTORNILLADOR PALETA THT266125  125mm TOTAL;23-125;UN; 2400 ;HERRAMIENTAS ; $2.017 ;;
805;792;;DESTORNILLADOR PALETA THT265100  100mm TOTAL;23-100;UN; 2500 ;HERRAMIENTAS ; $2.101 ;;
806;3;1;JOYSTICK IZQUIERDO COMPLETO WA132292;WA132292;UN; $955.000 ;WARATHA; $802.521 ;;
807;3;1;JOYSTICK DERECHO COMPLETO WA132293;WA132293;UN; $1.060.000 ;WARATHA; $890.756 ;;
808;1B;;LUZ INDICADORA ROJA 12-24V  16mm  MET;23-16;UN; 3500 ;AMPOLLETA; $2.941 ;;
809;1B;;LUZ INDICADORA 12-24V AMBAR MET 16mm;23-16;UN; $3.500 ;AMPOLLETA; $2.941 ;;
810;797;;AMPOLLETA BALIZA SYF205;23-205;UN; 2000 ; ; $1.681 ;;
811;798;;INTERRUPTOR ENCENDIDO MOTOR HONDA;23-MOTOR;UN; 3600 ; ; $3.025 ;;
812;799;;SILICONA TABLERO;23-SILICONA;UN; $5.500 ;ACCESORIO; $4.622 ;;
813;1B;;FOCO 9 LED FAENERO CUADRADO REFORADO;46288;UN; $36.000 ;FOCO; $30.252 ;;
814;80;;"MOTO SIERRA 5"" VELOCIDAD 3800 R/min";23-3800;UN; $65.000 ;ACCESORIO; $54.622 ;;
815;800;;CONECTOR 3POSICIONES;46104;UN; 10000 ;ACCESORIO; $8.403 ;;
816;801;;PILAS AA DURACELL;23-AA;UN; 1800 ;ACC. BATERIA; $1.513 ;;
817;802;;PILAS AAA DURACELL;23-AAA;UN; 1500 ;ACCESORIO; $1.261 ;;
818;803;;BATERIA 9V ALCALINA  DURACELL;46288;UN; 6000 ;ACCESORIO; $5.042 ;;
819;804;;TERMOMETRO DIGITAL INFRAROJO PIROMETRO;23-INFRAROJO;UN; 25000 ;HERRAMIENTAS ; $21.008 ;;
820;805;;JUEGO DE PUNTAS 43PIEZAS,   HEX,PALETA,;23-43;UN; 35000 ;HERRAMIENTAS ; $29.412 ;;
821;806;;JUEGO HERRAMIENTAS NEUMATICA, PISTOLA AIRE/PRESION;23-AIRE;UN; 30000 ;HERRAMIENTAS ; $25.210 ;;
822;807;;JUEGO TALADRO IMPACTO + ESMERIL ANGULAR 41/2;46076;UN; 150000 ;HERRAMIENTAS ; $126.050 ;;
823;808;;JUEGO PUNTAS +/- 5 PIEZAS 65mm;23-65;UN; 7000 ;HERRAMIENTAS ; $5.882 ;;
824;809;;PISTOLA CALOR INALAMBRICA 20V. TEMP 550 C;23-550;UN; 82000 ;HERRAMIENTAS ; $68.908 ;;
825;81;;BALIZA 90LED 12/24V C/IMAN  200 X 160mm NB225;23-225;UN; 30000 ;BALIZA; $25.210 ;;
826;810;;KIT ESMERIL ANGULAR 4 1/2  9000rm + 2 BATERIAS + CARGADOR;46076;UN; $120.000 ;HERRAMIENTAS ; $100.840 ;;
827;811;;TALADRO INALAMBRICO IMPACTO 20V 55NM;23-55;UN; 75000 ;HERRAMIENTAS ; $63.025 ;;
828;812;;KIT LLAVE IMPACTO 1/2 TORQUE 550NM + 2 BAT + CARG + 3 DADOS;46104;UN; 150000 ;HERRAMIENTAS ; $126.050 ;;
829;813;;KIT LLAVE IMPACTO 1/2 TORQUE 750NM +2 BAT+CARG;46076;UN; 180000 ;HERRAMIENTAS ; $151.261 ;;
830;814;;KIT LLAVE IMPACTO 1/2 TORQUE 1000NM + 2 BAT + CARG + 3 DADOS;46104;UN; 240000 ;HERRAMIENTAS ; $201.681 ;;
831;2;;RELAY 24V 30AMP  4P VB01002;23-01002;UN; $4.000 ;RELAY; $3.361 ;;
832;816;;PUENTE RECTIFICADOR 25/ 35 AMP;23-35;UN; 5000 ;RESISTENCIA; $4.202 ;;
833;3;1;CONECTOR SENSOR 2P DELPHI C/PINES;CR0017;UN; $8.000 ;CONECTOR; $6.723 ;;
834;818;;PIN DEUTSCH DTM 22 HEMBRA;23-22;UN; $2.500 ;DEUTSCH; $2.101 ;;
835;1A;;AMPOLLETA 12V T5 C/PEZ TABLERO;9157;UN; 300 ;AMPOLLETA; $252 ;;
836;82;;BOCINA PLATO 24V 72W  400HZ 105DB  HELLA 112mm;23-112;UN; 25000 ;BOCINA ; $21.008 ;;
837;1A;;AMPOLLETA 12V T20 C/PEZ 21/5W ;T20215;UN; $1.000 ;AMPOLLETA; $840 ;;
838;1B;;AMPOLLETA 24V T5 C/PEZ  T0504CL;T0504CL;UN; 300 ;AMPOLLETA; $252 ;;
839;822;;TERMINAL BANANA HEMBRA AZUL;23-HEMBRA;UN; 120 ;TERMINALES; $101 ;;
840;823;;TERMINAL BANANA MACHO AZUL;23-MACHO;UN; 120 ;TERMINALES; $101 ;;
841;824;;TERMINAL BANANA HEMBRA AMARILLO;23-HEMBRA;UN; 150 ;TERMINALES; $126 ;;
842;825;;TERMINAL BANANA MACHO AMARILLO;23-MACHO;UN; 150 ;TERMINALES; $126 ;;
843;826;;"SOPORTE METALICO PARA FOCO 2""  B001";23-001;UN; 2000 ;ACCESORIO; $1.681 ;; 
844;1A;;AMPOLLETA 12V HB3 HELLA;9005;UN; $6.000 ;AMPOLLETA; $5.042 ;;
845;1A;;AMPOLLETA 12V HB4 HELLA;9006;UN; $6.000 ;AMPOLLETA; $5.042 ;;
846;1A;;AMPOLLETA 12V H8 HELLA;H8;UN; 9000 ;AMPOLLETA; $7.563 ;;
847;83;;BOCINA PLATO  12V 72W 400HZ 116DB 112mm      HELLA;23-112;UN; 20500 ;BOCINA ; $17.227 ;;
848;830;;SET FUSIBLE MINI 3/5/7.5/10/15/20/25/30 X 10C/U;46318;UN; 9600 ;FUSIBLE; $8.067 ;;
849;831;;RENOVADOR DE NEUMATICOS AEROSOL 650ML;23-650;UN; $3.600 ;ACCESORIO; $3.025 ;;
850;832;;ENCENDEDOR AUTO COMPLETO;23-AUTO;UN; 4500 ;ACCESORIO; $3.782 ;;
851;833;;TERMINAL HEMBRA/MACHO ROJO 035;23-035;UN; 120 ;TERMINALES; $101 ;;
852;834;;FUSIBLE MAXI PATAS LARGAS 40AMP VERDE 13-40;23-40;UN; 800 ;FUSIBLE; $672 ;;
853;835;;FUSIBLE MAXI PATAS LARGAS 50AMP ROJO 13-50;23-50;UN; 800 ;FUSIBLE; $672 ;;
854;836;;FUSIBLE MAXI PATAS LARGAS 60AMP AMARILLO 13-60;23-60;UN; 800 ;FUSIBLE; $672 ;;
855;837;;FUSIBLE MAXI PATAS LARGAS 100AMP AZUL 13-100;23-100;UN; 800 ;FUSIBLE; $672 ;;
856;838;;FUSIBLE MAXI PATA ABIERTA  40AMP VERDE 21-40;23-40;UN; 1000 ;FUSIBLE; $840 ;;
857;839;;FUSIBLE MAXI PATA ABIERTA 50AMP ROJO 21-50;23-50;UN; 1000 ;FUSIBLE; $840 ;;
858;84;;BOCINA PLATO 12V    400HZ    112mm 87009;23-87009;UN; $10.000 ;BOCINA ; $8.403 ;;
859;840;;FUSIBLE MAXI PATA ABIERTA 70AMP NEGRO 21-70;23-70;UN; 1000 ;FUSIBLE; $840 ;;
860;841;;FUSIBLE MAXI PATA ABIERTA 100AMP AZUL 21-70;23-70;UN; 1000 ;FUSIBLE; $840 ;;
861;842;;FUSIBLE MAXI TIRO LARGO ABIERTO 40AMP VERDE 17-40;23-40;UN; 800 ;FUSIBLE; $672 ;;
862;843;;FUSIBLE MAXI TIRO LARGO ABIERTO 50AMP ROJO 17-50;23-50;UN; 800 ;FUSIBLE; $672 ;;
863;844;;FUSIBLE MAXI TIRO LARGO 60AMP AMARILLO 17-60;23-60;UN; 800 ;FUSIBLE; $672 ;;
864;845;;FUSIBLE MAXI PATAS LARGAS 70AMP CAFE 13-70;23-70;UN; 800 ;FUSIBLE; $672 ;;
865;846;;FUSIBLE MAXI TIRO CORTO 40AMP 13-40;23-40;UN; 800 ;FUSIBLE; $672 ;;
866;847;;FUSIBLE MAXI TIRO CORTO 50AMP ROJO 13-50;23-50;UN; 800 ;FUSIBLE; $672 ;;
867;848;;FUSIBLE MAXI TIRO CORTO 60AMP AMARILLO 13-60;23-60;UN; 800 ;FUSIBLE; $672 ;;
868;849;;FUSIBLE MAXI TIRO CORTO 100AMP AZUL 13-100;23-100;UN; 800 ;FUSIBLE; $672 ;;
869;85;;BOCINA PLATO 24V    400HZ    112mm  87008;23-87008;UN; $10.000 ;BOCINA ; $8.403 ;;
870;850;;TERMINAL OJO BRONCE 18mm / 10mm 15002;23-15002;UN; 3300 ;TERMINALES; $2.773 ;;
871;851;;TERMINAL HEMBRA ROJO 2490;23-2490;UN; 120 ;TERMINALES; $101 ;;
872;852;;TERMINAL MACHO ROJO 2475;23-2475;MT; $120 ;TERMINALES; $101 ;;
873;853;;TERMINAL HEMBRA CHICO AZUL 38mm;23-38;UN; 150 ;TERMINALES; $126 ;;
874;854;;TERMINAL HEMBRA CHICO ROJO 39mm;23-39;UN; 150 ;TERMINALES; $126 ;;
875;855;;ENCHUFE 2 POLOS AMPOLLETA H11 PORCEL 1070;23-1070;UN; $1.800 ;ENCHUFE; $1.513 ;;
876;3;2;CONECTOR MODULO 4 PINES SEG PLASTICO;CR0009;UN; $12.000 ;CONECTOR; $10.084 ;;
877;3;9;CONECTOR SENSOR HEMBRA 3 PINES BOSCH;CR0010;UN; $9.000 ;CONECTOR; $7.563 ;;
878;3;9;CONECTOR HEMBRA 3 PINES C/SEGURO METALICO;CR0011;UN; $10.000 ;CONECTOR; $8.403 ;;
879;3;9;CONECTOR HEMBRA 3 PINES 1 RIEL;CR0013;UN; $9.000 ;CONECTOR; $7.563 ;;
880;86;;BOCINA PLATO 12V  400HZ  118 mm  HO6C12V;46379;UN; $10.000 ;BOCINA ; $8.403 ;;
881;3;20;CONECTOR SENSOR HEMBRA 3 PINES 3 RIEL;CR0004;UN; $8.500 ;CONECTOR; $7.143 ;;
882;3;9;CONECTOR SENSOR 3 PINES 4 RIEL;CR0012;UN; $10.000 ;CONECTOR; $8.403 ;; 
883;862;;FUNDA CUBRE ASIENTO 8Pzs. NEGRO/ROJO CS40;23-40;UN; 25000 ;ACCESORIO; $21.008 ;;
884;1B;;AMPOLLETA 24V T4W 1C P/P TIPO BALA 3930;3930;UN; 500 ;AMPOLLETA; $420 ;;
885;1A;;AMPOLLETA 12V T2W 1C P/P TIPO BALA 3796;3796;UN; 500 ;AMPOLLETA; $420 ;;
886;865;;FUSIBLE 50AMP NISSAN C/SEGURO 41650;23-41650;UN; 700 ;FUSIBLE; $588 ; ;
887;866;;FUSIBLE 60AMP NISSAN C/SEGURO 41660;23-41660;UN; 700 ;FUSIBLE; $588 ;;
888;867;;RADIO PANEL FIJO 12V C/CONTROL USB MP3;46104;UN; 30000 ;ACCESORIO; $25.210 ;;
889;868;;SENSOR DIRECCION SKIDDER TIGERCAT  18mm- 63mm;23-63;UN; 150000 ;SENSOR; $126.050 ;;
890;869;;REPARACION ARNES DEL ALTERNADOR;23-DEL;UN; 40000 ; ; $33.613 ;;
891;87;;BOCINA PLATO 24V  400HZ  118 mm  H06C24V;23-24;UN; $10.000 ;BOCINA ; $8.403 ; ; 
892;870;;LIMIT SWITCH;23-LIMIT;UN; 963900 ;SENSOR; $810.000 ;; 
893;871;;SERVICIO INSTALACION FOCOS CARRO ARASTRE;23-CARRO;UN; 200000 ;SERVICIO; $168.067 ;;
894;872;;LLAVE SACA BUJIA 5/8;46257;UN; $3.700 ;HERRAMIENTAS ; $3.109 ;;
895;873;;LLAVE SACA BUJIA 13/16;23-16;UN; $4.000 ;HERRAMIENTAS ; $3.361 ;;
896;1B;;FOCO CARRO TRACERO 26LED 100X105X30 T136;23-136;UN; $14.000 ;FOCO; $11.765 ;;
897;1A;8;AMPOLLETA LED COLA PEZ T10 SETX2 ;709726;UN; $4.300 ;AMPOLLETA; $3.613 ;;
898;1;10;AMPOLLETA LED COLA PEZ T10 SETX2 BLANCA;5154014;UN; $4.000 ;AMPOLLETA; $3.361 ;; 
899;1;10;AMPOLLETA LED COLA PEZ T10 SETX2 AZUL ;515403;UN; $4.000 ;AMPOLLETA; $3.361 ;;
900;1A;;AMPOLLETA 12V H18 65W HELLA;H18;UN; 10000 ;AMPOLLETA; $8.403 ;;
901;1A;;AMPOLLETA 12V H13 60/55W HELLA;H13;UN; 16000 ;AMPOLLETA; $13.445 ;;
902;878;;FUNDA CUBRE ASIENTO CUERO SINTETICO 1BR;46045;UN; 50000 ;FUNDA ; $42.017 ;;
903;879;;SERVICIO REPARCION Y MANTENIMIENTO;23-Y;UN; 38000 ; ; $31.933 ;;
904;88;;BOCINA PLATO MOTO 12V NEGRA;46379;UN; 3570 ;BOCINA ; $3.000 ;;
905;3;19;CONECTOR INYECTOR COMMOM RAIL 2 VIAS;CR0016;UN; $6.000 ;CONECTOR; $5.042 ; ;
906;3;4;CONECTOR HEMBRA MODULO 12 PINES 3 RIEL ;CR0005;UN; $16.500 ;CONECTOR; $13.866 ;;
907;3;4;CONECTOR MACHO MODULO 12 PINES 3 RIEL ;CR0006;UN; $12.000 ;CONECTOR; $10.084 ;;
908;3;9;CONECTOR ARNES DE PRESION 3 PINES 4 RIEL;CR0015;UN; $8.000 ;CONECTOR; $6.723 ;;
909;3;;MICRO SWITCH LIMITE MOMENTANEO C/LAINA;23-C;UN; $8.000 ;CONECTOR; $6.723 ;;
910;3;0;CONECTOR HEMBRA MODULO IQAN 42 PINES;23-42;UN; $70.000 ;CONECTOR; $58.824 ;;
911;3;9;CONECTOR MACHO 3 PINES TIPO BANANA;CR0019;UN; $5.000 ;CONECTOR; $4.202 ;;
912;3;9;CONECTOR HEMBRA 3 PINES TIPO BANANA;CR0020;UN; $5.000 ;CONECTOR; $4.202 ;;
913;3;14;CONECTOR HEMBRA 2 PINES C/CABLE;CR0001;UN; $8.000 ;CONECTOR; $6.723 ;;
914;887;;ENCHUFE HEMBRA VOLANTE 16AMP LEXO;23-16;UN; 3500 ;ENCHUFE; $2.941 ;;
915;888;;ENCHUFE MACHO VOLANTE 16AMP LEXO;23-16;UN; 3000 ;ENCHUFE; $2.521 ;;
916;889;;SERVICIO ELECTRICO TERRENO;23-ELECTRICO;UN; $40.000 ;SERVICIO; $33.613 ;;
917;89;;BOCINA CARACOL 12V 72W 113DB  HELLA;23-113;UN; 21420 ;BOCINA ; $18.000 ;;
918;5;;CORDON 4 VIAS X 1mm GRIS;46045;MT; 2800 ;CORDON ; $2.353 ;;
919;5;;CORDON 12 VIAS X 1mm GRIS;46045;UN; 10000 ;CORDON ; $8.403 ;;
920;1B;;FOCO FLECHA AZUL GRUA HORQUILLA 9W;46288;UN; $40.000 ;FOCO; $33.613 ;;
921;893;;SERVICIO REPARACION JOYSTICK;23-REPARACION;UN; 100000 ;SERVICIO; $84.034 ;;
922;5;3;"PLUMILLA 16"" HELLA";HELLA;UN; $10.000 ;PLUMILLAS; $8.403 ;;
923;5;4;"PLUMILLA 18"" HELLA";HELLA;UN; $6.500 ;PLUMILLAS; $5.462 ;;
924;896;;TERMINAL OJO 6 DI 13 SC50-06;46196;UN; 1000 ;TERMINALES; $840 ;;
925;897;;TERMINAL OJO 6 DI12.2 SC70-06;46196;UN; 1000 ;TERMINALES; $840 ;;
926;898;;TERMINAL PINES 13mm AMARILLO FERRULE;23-13;UN; 200 ;TERMINALES; $168 ;;
927;899;;TERMINAL PINES 10mm AZUL FERRUL;46318;UN; 100 ;TERMINALES; $84 ;;
928;1B;;FOCO 16 LED FAENERO CUADRADO REFORADO;23-16;UN; $45.000 ;FOCO; $37.815 ;;
929;90;;BOCINA CARACOL 24V 72W 110DB  HELLA;23-110;UN; 36890 ;BOCINA ; $31.000 ;;
930;900;;TERMINAL PINES 10mm ROJO FERRULE;46318;UN; 100 ;TERMINALES; $84 ;;
931;2;;INTERRUPTOR DE TIRO ROJO 6009;23-6009;UN; 1500 ;INTERRUPTOR; $1.261 ;;
932;902;;UNION TECALAN 10mm x 10mm;46318;UN; 2000 ;ACCESORIO; $1.681 ;;
933;903;;UNION TECALAN 12mm x 12mm;46379;UN; 2200 ;ACCESORIO; $1.849 ; ;
934;904;;CAUTIN 220V 200W;23-200;UN; 27000 ;ACCESORIO; $22.689 ;;
935;1B;;FOCO BUSCA CAMINO L022;23-022;UN; $11.000 ;FOCO; $9.244 ;;
936;906;;SERVICIO CONFECCION TABLERO;23-CONFECCION;UN; 60000 ;SERVICIO; $50.420 ;; 
937;91;;BOCINA CARACOL  24V      60DB   IMBEST;23-60;UN; 12000 ;BOCINA ; $10.084 ;;
938;4;;ALARMA RETROCESO HEAVY DUTY 12-24V;23-24;UN; $11.500 ;ALARMA; $9.664 ;;
939;4;0;ALARMA RETROCESO GRANDE SEGER 12/24V;23-24;UN; $25.600 ;ALARMA; $21.513 ;;
940;4;;ALARMA RETROCESO 9-48V 110DB       HELLA;23-110;UN; $20.000 ;ALARMA; $16.807 ;; 
941;95;;BACE RELAY S-10;46318;UN; 9000 ;PORTA RELAY; $7.563 ; ;
942;2;;RELAY 24V C10 A10X;46318;UN; $16.000 ;RELAY; $13.445 ;;
943;97;;FUSIBLE PALETA 3 AMP;46104;UN; 120 ;FUSIBLE; $101 ;;
944;98;;FUSIBLE PALETA 5 AMP;46165;UN; 120 ;FUSIBLE; $101 ;;
945;99;;FUSIBLE PALETA 7.5 AMP;46165;UN; 120 ;FUSIBLE; $101 ;;
946;222;5;LAMPARA PORTATIL TALLER 7,5MT;46165;UN; $11.000 ;HERRAMIENTAS ; $9.244 ;;
947;;4;ALICATE UNIVERSAR 8 PULGADA TOTAL ;46257;UN; $10.500 ;HERRAMIENTAS ; $8.824 ;;
948;;4;ALICATE DE PUNTA 6 PULGADA TOTAL;46196;UN; $9.000 ;HERRAMIENTAS ; $7.563 ;; 
949;3;4;BOCINA PLATO 12V 60W 92mm HELLA;23-92;UN; $14.500 ;BOCINA ; $12.185 ;;
950;1;3;TARJETA LED 12V 36 X 26mm C/ TRES BASES;N512;UN; $2.000 ;ACCESORIO; $1.681 ;; 
951;4;3;ADAPTADOR AL ENCEDEDOR 12V 2SALIDAS C/USB;YH5771;UN; $8.000 ;ACCESORIO; $6.723 ;;
952;;8;REGLETA DE CONEXIÓN PLASTICA 12POLOS 4mm;;UN; $1.600 ;ACCESORIO; $1.345 ;;
953;;;;;;; ;;;
954;;;;;;   ;;;;
;;;;;;;;; ;
;;;;;;;;;; 
;; ; ; ;;   ;;;;
;; ;;;;;;   ;;
;; ; ; ; ;; ;;;
;;;; ; ;   ; ;; ;
;;;; ;;   ; ;   ;;
;;; ;;;;;   ;;
;;; ;;;;;   ;;
;;;;;;; ;;;
;;;;;;; ;;;
;;;;;;;;;;
;;;;;;;;;;
;;;;;;;;;;
;;;;;;;;;;
;;;;;;;;   ;;
;;;;;;;;   ;;
